,Date,Close,Pre_Day_Cls,Dif_Btw_Day,Per_Change,Volume
1,1/4/2012,332.89,331.46,1.43,0.43,5749400
2,1/5/2012,328.27,332.89,-4.62,-1.39,6590300
3,1/6/2012,323.8,328.27,-4.47,-1.36,5405900
4,1/9/2012,310.07,323.8,-13.73,-4.24,11688800
5,1/10/2012,310.41,310.07,0.34,0.11,8824000
6,1/11/2012,311.81,310.41,1.4,0.45,4817800
7,1/12/2012,313.64,311.81,1.83,0.59,3764400
8,1/13/2012,311.33,313.64,-2.31,-0.74,4631800
9,1/17/2012,313.12,311.33,1.79,0.57,3832800
10,1/18/2012,315.27,313.12,2.15,0.69,5544000
11,1/19/2012,318.59,315.27,3.32,1.05,12657800
12,1/20/2012,291.9,318.59,-26.69,-8.38,21231800
13,1/23/2012,291.67,291.9,-0.23,-0.08,6851300
14,1/24/2012,289.38,291.67,-2.29,-0.79,6134400
15,1/25/2012,283.68,289.38,-5.7,-1.97,10012700
16,1/26/2012,282.99,283.68,-0.69,-0.24,6476500
17,1/27/2012,288.91,282.99,5.92,2.09,7262000
18,1/30/2012,287.77,288.91,-1.14,-0.39,4678400
19,1/31/2012,288.97,287.77,1.2,0.42,4300700
20,2/1/2012,289.33,288.97,0.36,0.12,4658700
21,2/2/2012,291.46,289.33,2.13,0.74,4847400
22,2/3/2012,297.05,291.46,5.59,1.92,6360700
23,2/6/2012,303.41,297.05,6.36,2.14,7386700
24,2/7/2012,302.25,303.41,-1.16,-0.38,4199700
25,2/8/2012,303.79,302.25,1.54,0.51,3686400
26,2/9/2012,304.59,303.79,0.8,0.26,4546300
27,2/10/2012,301.82,304.59,-2.77,-0.91,4667700
28,2/13/2012,304.96,301.82,3.14,1.04,3646100
29,2/14/2012,303.74,304.96,-1.22,-0.4,3620900
30,2/15/2012,301.65,303.74,-2.09,-0.69,4869900
31,2/16/2012,302.13,301.65,0.48,0.16,5080700
32,2/17/2012,301.19,302.13,-0.94,-0.31,4916400
33,2/21/2012,305.85,301.19,4.66,1.55,4980100
34,2/22/2012,302.83,305.85,-3.02,-0.99,3948700
35,2/23/2012,301.92,302.83,-0.91,-0.3,4125300
36,2/24/2012,303.81,301.92,1.89,0.63,3885600
37,2/27/2012,303.52,303.81,-0.29,-0.1,3641300
38,2/28/2012,308.04,303.52,4.52,1.49,5716400
39,2/29/2012,307.97,308.04,-0.07,-0.02,6297200
40,3/1/2012,310.04,307.97,2.07,0.67,4492000
41,3/2/2012,309.47,310.04,-0.57,-0.18,3158300
42,3/5/2012,305.98,309.47,-3.49,-1.13,3198400
43,3/6/2012,301.35,305.98,-4.63,-1.51,6372500
44,3/7/2012,302.27,301.35,0.92,0.31,2538400
45,3/8/2012,302.44,302.27,0.17,0.06,2700900
46,3/9/2012,299,302.44,-3.44,-1.14,5361100
47,3/12/2012,301.45,299,2.45,0.82,3350400
48,3/13/2012,307.74,301.45,6.29,2.09,4508300
49,3/14/2012,306.84,307.74,-0.9,-0.29,5895700
50,3/15/2012,309.41,306.84,2.57,0.84,4888300
51,3/16/2012,311.35,309.41,1.94,0.63,6123800
52,3/19/2012,315.81,311.35,4.46,1.43,4361800
53,3/20/2012,315.56,315.81,-0.25,-0.08,3092400
54,3/21/2012,318.8,315.56,3.24,1.03,4957600
55,3/22/2012,321.82,318.8,3.02,0.95,4838400
56,3/23/2012,320.1,321.82,-1.72,-0.53,3894800
57,3/26/2012,323.45,320.1,3.35,1.05,3651900
58,3/27/2012,322.3,323.45,-1.15,-0.36,4029400
59,3/28/2012,326.66,322.3,4.36,1.35,5096700
60,3/29/2012,322.99,326.66,-3.67,-1.12,3862900
61,3/30/2012,319.42,322.99,-3.57,-1.11,4638700
62,4/2/2012,322.25,319.42,2.83,0.89,4585400
63,4/3/2012,320.11,322.25,-2.14,-0.66,4105000
64,4/4/2012,316.39,320.11,-3.72,-1.16,3267300
65,4/5/2012,314.98,316.39,-1.41,-0.45,4654700
66,4/9/2012,314.24,314.98,-0.74,-0.23,4381600
67,4/10/2012,312.26,314.24,-1.98,-0.63,4982500
68,4/11/2012,316.79,312.26,4.53,1.45,4414300
69,4/12/2012,324.29,316.79,7.5,2.37,11556300
70,4/13/2012,311.13,324.29,-13.16,-4.06,16379700
71,4/16/2012,301.9,311.13,-9.23,-2.97,11426700
72,4/17/2012,303.65,301.9,1.75,0.58,6070400
73,4/18/2012,302.59,303.65,-1.06,-0.35,5358900
74,4/19/2012,298.53,302.59,-4.06,-1.34,6613800
75,4/20/2012,296.92,298.53,-1.61,-0.54,6139700
76,4/23/2012,297.68,296.92,0.76,0.26,4411900
77,4/24/2012,299.51,297.68,1.83,0.61,3872600
78,4/25/2012,303.72,299.51,4.21,1.41,3655800
79,4/26/2012,306.59,303.72,2.87,0.94,4200600
80,4/27/2012,306.34,306.59,-0.25,-0.08,3284900
81,4/30/2012,301.3,306.34,-5.04,-1.65,4832600
82,5/1/2012,301.09,301.3,-0.21,-0.07,4019600
83,5/2/2012,302.5,301.09,1.41,0.47,3235000
84,5/3/2012,304.37,302.5,1.87,0.62,3749900
85,5/4/2012,297.37,304.37,-7,-2.3,4431300
86,5/7/2012,302.64,297.37,5.27,1.77,4003800
87,5/8/2012,305.25,302.64,2.61,0.86,5374600
88,5/9/2012,303.44,305.25,-1.81,-0.59,4675000
89,5/10/2012,305.68,303.44,2.24,0.74,3083200
90,5/11/2012,301.48,305.68,-4.2,-1.37,4214400
91,5/14/2012,300.87,301.48,-0.61,-0.2,3662400
92,5/15/2012,304.41,300.87,3.54,1.18,4219900
93,5/16/2012,313.29,304.41,8.88,2.92,9706300
94,5/17/2012,310.36,313.29,-2.93,-0.94,6732700
95,5/18/2012,299.08,310.36,-11.28,-3.63,11991700
96,5/21/2012,305.91,299.08,6.83,2.28,6173800
97,5/22/2012,299.28,305.91,-6.63,-2.17,6126600
98,5/23/2012,303.59,299.28,4.31,1.44,6379900
99,5/24/2012,300.7,303.59,-2.89,-0.95,3796600
100,5/25/2012,294.66,300.7,-6.04,-2.01,7190500
101,5/29/2012,296.06,294.66,1.4,0.48,5230900
102,5/30/2012,293.02,296.06,-3.04,-1.03,3827600
103,5/31/2012,289.35,293.02,-3.67,-1.25,5958800
104,6/1/2012,284.42,289.35,-4.93,-1.7,6138700
105,6/4/2012,288.21,284.42,3.79,1.33,4883500
106,6/5/2012,284.14,288.21,-4.07,-1.41,4697200
107,6/6/2012,289.2,284.14,5.06,1.78,4207200
108,6/7/2012,288.04,289.2,-1.16,-0.4,3530100
109,6/8/2012,289.14,288.04,1.1,0.38,2831300
110,6/11/2012,283.19,289.14,-5.95,-2.06,5342100
111,6/12/2012,281.49,283.19,-1.7,-0.6,6472500
112,6/13/2012,279.5,281.49,-1.99,-0.71,3923000
113,6/14/2012,278.48,279.5,-1.02,-0.36,4707200
114,6/15/2012,281.2,278.48,2.72,0.98,6024800
115,6/18/2012,284.36,281.2,3.16,1.12,5012400
116,6/19/2012,289.68,284.36,5.32,1.87,4167900
117,6/20/2012,287.68,289.68,-2,-0.69,4710800
118,6/21/2012,281.55,287.68,-6.13,-2.13,4037600
119,6/22/2012,284.67,281.55,3.12,1.11,4472400
120,6/25/2012,279.3,284.67,-5.37,-1.89,3174900
121,6/26/2012,281.29,279.3,1.99,0.71,2710500
122,6/27/2012,283.59,281.29,2.3,0.82,3397200
123,6/28/2012,281.1,283.59,-2.49,-0.88,3856100
124,6/29/2012,288.95,281.1,7.85,2.79,5057800
125,7/2/2012,289.15,288.95,0.2,0.07,3323300
126,7/3/2012,292.82,289.15,3.67,1.27,2387800
127,7/5/2012,296.85,292.82,4.03,1.38,4709200
128,7/6/2012,291.9,296.85,-4.95,-1.67,4339700
129,7/9/2012,291.91,291.9,0.01,0,3443000
130,7/10/2012,289.76,291.91,-2.15,-0.74,3860500
131,7/11/2012,284.53,289.76,-5.23,-1.8,7024700
132,7/12/2012,284.17,284.53,-0.36,-0.13,4636800
133,7/13/2012,287.18,284.17,3.01,1.06,3966700
134,7/16/2012,286.39,287.18,-0.79,-0.28,2936100
135,7/17/2012,287.29,286.39,0.9,0.31,3372700
136,7/18/2012,289.3,287.29,2.01,0.7,3107900
137,7/19/2012,295.42,289.3,6.12,2.12,9384300
138,7/20/2012,304.27,295.42,8.85,3,12975800
139,7/23/2012,306.61,304.27,2.34,0.77,7150000
140,7/24/2012,302.65,306.61,-3.96,-1.29,4033800
141,7/25/2012,302.86,302.65,0.21,0.07,3659600
142,7/26/2012,305.53,302.86,2.67,0.88,3382900
143,7/27/2012,316.29,305.53,10.76,3.52,7125900
144,7/30/2012,314.97,316.29,-1.32,-0.42,4389700
145,7/31/2012,315.3,314.97,0.33,0.1,3745100
146,8/1/2012,315.16,315.3,-0.14,-0.04,3702900
147,8/2/2012,313.2,315.16,-1.96,-0.62,3970100
148,8/3/2012,319.47,313.2,6.27,2,3808300
149,8/6/2012,320.21,319.47,0.74,0.23,3578000
150,8/7/2012,319.07,320.21,-1.14,-0.36,3978300
151,8/8/2012,319.92,319.07,0.85,0.27,2654200
152,8/9/2012,319.98,319.92,0.06,0.02,2148500
153,8/10/2012,319.8,319.98,-0.18,-0.06,2879800
154,8/13/2012,328.77,319.8,8.97,2.8,6560200
155,8/14/2012,333.08,328.77,4.31,1.31,7350800
156,8/15/2012,332.52,333.08,-0.56,-0.17,4839400
157,8/16/2012,335.18,332.52,2.66,0.8,3448200
158,8/17/2012,337.31,335.18,2.13,0.64,4371600
159,8/20/2012,336.51,337.31,-0.8,-0.24,3529300
160,8/21/2012,333.5,336.51,-3.01,-0.89,4461000
161,8/22/2012,337.33,333.5,3.83,1.15,3832600
162,8/23/2012,337.14,337.33,-0.19,-0.06,3581700
163,8/24/2012,338.05,337.14,0.91,0.27,2863800
164,8/27/2012,333.36,338.05,-4.69,-1.39,5246900
165,8/28/2012,337.36,333.36,4,1.2,4132600
166,8/29/2012,342.72,337.36,5.36,1.59,6002900
167,8/30/2012,339.57,342.72,-3.15,-0.92,3265900
168,8/31/2012,341.27,339.57,1.7,0.5,4270000
169,9/4/2012,339.25,341.27,-2.02,-0.59,3793200
170,9/5/2012,339.09,339.25,-0.16,-0.05,3429100
171,9/6/2012,348.39,339.09,9.3,2.74,6109700
172,9/7/2012,351.76,348.39,3.37,0.97,6490100
173,9/10/2012,349.08,351.76,-2.68,-0.76,5139100
174,9/11/2012,344.8,349.08,-4.28,-1.23,3761500
175,9/12/2012,344.15,344.8,-0.65,-0.19,5304300
176,9/13/2012,351.7,344.15,7.55,2.19,5337900
177,9/14/2012,353.51,351.7,1.81,0.51,5256500
178,9/17/2012,353.66,353.51,0.15,0.04,3027800
179,9/18/2012,357.8,353.66,4.14,1.17,4149000
180,9/19/2012,362.39,357.8,4.59,1.28,6219700
181,9/20/2012,362.7,362.39,0.31,0.09,5836500
182,9/21/2012,365.62,362.7,2.92,0.81,12765800
183,9/24/2012,373.29,365.62,7.67,2.1,7154200
184,9/25/2012,373.18,373.29,-0.11,-0.03,12162400
185,9/26/2012,375.32,373.18,2.14,0.57,11388200
186,9/27/2012,376.84,375.32,1.52,0.4,7891600
187,9/28/2012,375.84,376.84,-1,-0.27,5587700
188,10/1/2012,379.47,375.84,3.63,0.97,6359700
189,10/2/2012,377.08,379.47,-2.39,-0.63,5601200
190,10/3/2012,379.83,377.08,2.75,0.73,4433100
191,10/4/2012,382.59,379.83,2.76,0.73,4926700
192,10/5/2012,382.39,382.59,-0.2,-0.05,5492200
193,10/8/2012,377.51,382.39,-4.88,-1.28,3931800
194,10/9/2012,370.66,377.51,-6.85,-1.81,6028900
195,10/10/2012,370.89,370.66,0.23,0.06,4095000
196,10/11/2012,374.34,370.89,3.45,0.93,4785600
197,10/12/2012,370.98,374.34,-3.36,-0.9,4826400
198,10/15/2012,369.11,370.98,-1.87,-0.5,6060700
199,10/16/2012,370.96,369.11,1.85,0.5,4131800
200,10/17/2012,376.33,370.96,5.37,1.45,4602900
201,10/18/2012,346.2,376.33,-30.13,-8.01,24977900
202,10/19/2012,339.62,346.2,-6.58,-1.9,23050400
203,10/22/2012,338.07,339.62,-1.55,-0.46,8141500
204,10/23/2012,338.9,338.07,0.83,0.25,5855000
205,10/24/2012,337.39,338.9,-1.51,-0.45,5011600
206,10/25/2012,337.61,337.39,0.22,0.07,4820100
207,10/26/2012,336.31,337.61,-1.3,-0.39,3916200
208,10/31/2012,338.88,336.31,2.57,0.76,3085400
209,11/1/2012,342.51,338.88,3.63,1.07,4115500
210,11/2/2012,342.68,342.51,0.17,0.05,4666100
211,11/5/2012,340.2,342.68,-2.48,-0.72,3283900
212,11/6/2012,339.59,340.2,-0.61,-0.18,3177300
213,11/7/2012,332.31,339.59,-7.28,-2.14,4481200
214,11/8/2012,324.93,332.31,-7.38,-2.22,5213300
215,11/9/2012,330.28,324.93,5.35,1.65,6251500
216,11/12/2012,331.71,330.28,1.43,0.43,2822300
217,11/13/2012,328.29,331.71,-3.42,-1.03,3200200
218,11/14/2012,325.06,328.29,-3.23,-0.98,3349200
219,11/15/2012,322.42,325.06,-2.64,-0.81,3711500
220,11/16/2012,322.38,322.42,-0.04,-0.01,6902000
221,11/19/2012,332.86,322.38,10.48,3.25,4754100
222,11/20/2012,333.73,332.86,0.87,0.26,4192900
223,11/21/2012,331.69,333.73,-2.04,-0.61,4240200
224,11/23/2012,332.74,331.69,1.05,0.32,1851800
225,11/26/2012,329.34,332.74,-3.4,-1.02,4425700
226,11/27/2012,334.1,329.34,4.76,1.45,5036100
227,11/28/2012,340.56,334.1,6.46,1.93,6106700
228,11/29/2012,344.65,340.56,4.09,1.2,5573700
229,11/30/2012,347.88,344.65,3.23,0.94,6350800
230,12/3/2012,346.33,347.88,-1.55,-0.45,4401300
231,12/4/2012,344.22,346.33,-2.11,-0.61,3998200
232,12/5/2012,342.63,344.22,-1.59,-0.46,3738700
233,12/6/2012,344.27,342.63,1.64,0.48,2935500
234,12/7/2012,340.83,344.27,-3.44,-1,3852900
235,12/10/2012,341.43,340.83,0.6,0.18,2743600
236,12/11/2012,347.14,341.43,5.71,1.67,5395200
237,12/12/2012,347.48,347.14,0.34,0.1,4870100
238,12/13/2012,350.04,347.48,2.56,0.74,6915500
239,12/14/2012,349.67,350.04,-0.37,-0.11,4276100
240,12/17/2012,359.04,349.67,9.37,2.68,6093400
241,12/18/2012,359.19,359.04,0.15,0.04,6032300
242,12/19/2012,358.71,359.19,-0.48,-0.13,3851500
243,12/20/2012,359.83,358.71,1.12,0.31,3326400
244,12/21/2012,356.48,359.83,-3.35,-0.93,7078300
245,12/24/2012,353.43,356.48,-3.05,-0.86,1688000
246,12/26/2012,353.11,353.43,-0.32,-0.09,2373500
247,12/27/2012,351.83,353.11,-1.28,-0.36,3307000
248,12/28/2012,348.7,351.83,-3.13,-0.89,2814500
249,12/31/2012,352.37,348.7,3.67,1.05,4009600
250,1/2/2013,360.27,352.37,7.9,2.24,5101500
251,1/3/2013,360.48,360.27,0.21,0.06,4653700
252,1/4/2013,367.61,360.48,7.13,1.98,5547600
253,1/7/2013,366,367.61,-1.61,-0.44,3323800
254,1/8/2013,365.28,366,-0.72,-0.2,3364700
255,1/9/2013,367.68,365.28,2.4,0.66,4064500
256,1/10/2013,369.36,367.68,1.68,0.46,3685000
257,1/11/2013,368.61,369.36,-0.75,-0.2,2579900
258,1/14/2013,360.27,368.61,-8.34,-2.26,5749200
259,1/15/2013,361.11,360.27,0.84,0.23,7884700
260,1/16/2013,356.26,361.11,-4.85,-1.34,4061900
261,1/17/2013,354.33,356.26,-1.93,-0.54,4439500
262,1/18/2013,350.94,354.33,-3.39,-0.96,6477700
263,1/22/2013,350.12,350.94,-0.82,-0.23,7613100
264,1/23/2013,369.37,350.12,19.25,5.5,11862400
265,1/24/2013,375.7,369.37,6.33,1.71,6790600
266,1/25/2013,375.43,375.7,-0.27,-0.07,4468400
267,1/28/2013,373.96,375.43,-1.47,-0.39,3266300
268,1/29/2013,375.43,373.96,1.47,0.39,3507200
269,1/30/2013,375.51,375.43,0.08,0.02,3478900
270,1/31/2013,376.43,375.51,0.92,0.25,3280500
271,2/1/2013,386.35,376.43,9.92,2.64,7520100
272,2/4/2013,378.09,386.35,-8.26,-2.14,6103700
273,2/5/2013,381.44,378.09,3.35,0.89,3755300
274,2/6/2013,383.65,381.44,2.21,0.58,4171700
275,2/7/2013,385.53,383.65,1.88,0.49,5701600
276,2/8/2013,391.22,385.53,5.69,1.48,6062700
277,2/11/2013,389.75,391.22,-1.47,-0.38,4351800
278,2/12/2013,388.89,389.75,-0.86,-0.22,3731900
279,2/13/2013,389.97,388.89,1.08,0.28,2405200
280,2/14/2013,392.44,389.97,2.47,0.63,3483500
281,2/15/2013,394.96,392.44,2.52,0.64,5480000
282,2/19/2013,401.92,394.96,6.96,1.76,5885500
283,2/20/2013,394.75,401.92,-7.17,-1.78,5549000
284,2/21/2013,396.28,394.75,1.53,0.39,7039000
285,2/22/2013,398.36,396.28,2.08,0.52,4123100
286,2/25/2013,393.91,398.36,-4.45,-1.12,4625000
287,2/26/2013,393.59,393.91,-0.32,-0.08,4421500
288,2/27/2013,398.4,393.59,4.81,1.22,4067300
289,2/28/2013,399.1,398.4,0.7,0.18,4548500
290,3/1/2013,401.59,399.1,2.49,0.62,4367000
291,3/4/2013,409.22,401.59,7.63,1.9,5571900
292,3/5/2013,417.73,409.22,8.51,2.08,8118400
293,3/6/2013,414.14,417.73,-3.59,-0.86,5767400
294,3/7/2013,414.75,414.14,0.61,0.15,4120700
295,3/8/2013,414.21,414.75,-0.54,-0.13,5845600
296,3/11/2013,415.85,414.21,1.64,0.4,3201200
297,3/12/2013,412.26,415.85,-3.59,-0.86,4031600
298,3/13/2013,411.11,412.26,-1.15,-0.28,3294800
299,3/14/2013,409.24,411.11,-1.87,-0.45,3314700
300,3/15/2013,405.63,409.24,-3.61,-0.88,6222500
301,3/18/2013,402.39,405.63,-3.24,-0.8,3690300
302,3/19/2013,404.15,402.39,1.76,0.44,4212000
303,3/20/2013,405.83,404.15,1.68,0.42,2938500
304,3/21/2013,404.12,405.83,-1.71,-0.42,2966200
305,3/22/2013,403.64,404.12,-0.48,-0.12,2987400
306,3/25/2013,403.31,403.64,-0.33,-0.08,3436800
307,3/26/2013,404.69,403.31,1.38,0.34,2392600
308,3/27/2013,399.83,404.69,-4.86,-1.2,4342500
309,3/28/2013,395.61,399.83,-4.22,-1.06,4592600
310,4/1/2013,399.1,395.61,3.49,0.88,3628100
311,4/2/2013,405,399.1,5.9,1.48,4098200
312,4/3/2013,401.59,405,-3.41,-0.84,3489900
313,4/4/2013,396.05,401.59,-5.54,-1.38,4913400
314,4/5/2013,390.06,396.05,-5.99,-1.51,6893400
315,4/8/2013,385.98,390.06,-4.08,-1.05,5685300
316,4/9/2013,387.37,385.98,1.39,0.36,4330700
317,4/10/2013,393.61,387.37,6.24,1.61,3971900
318,4/11/2013,393.72,393.61,0.11,0.03,4072500
319,4/12/2013,393.55,393.72,-0.17,-0.04,3285500
320,4/15/2013,389.51,393.55,-4.04,-1.03,4924500
321,4/16/2013,395.2,389.51,5.69,1.46,3496900
322,4/17/2013,389.82,395.2,-5.38,-1.36,4089100
323,4/18/2013,381.52,389.82,-8.3,-2.13,6669800
324,4/19/2013,398.44,381.52,16.92,4.43,11649800
325,4/22/2013,398.56,398.44,0.12,0.03,5788300
326,4/23/2013,402.44,398.56,3.88,0.97,4601600
327,4/24/2013,405.21,402.44,2.77,0.69,3671800
328,4/25/2013,403.04,405.21,-2.17,-0.54,3999200
329,4/26/2013,399.21,403.04,-3.83,-0.95,4993900
330,4/29/2013,408,399.21,8.79,2.2,4618800
331,4/30/2013,410.75,408,2.75,0.67,4630600
332,5/1/2013,408.68,410.75,-2.07,-0.5,2920800
333,5/2/2013,413.26,408.68,4.58,1.12,4051600
334,5/3/2013,421.28,413.26,8.02,1.94,5044000
335,5/6/2013,429.17,421.28,7.89,1.87,4298500
336,5/7/2013,427.01,429.17,-2.16,-0.5,3932600
337,5/8/2013,435.18,427.01,8.17,1.91,4955000
338,5/9/2013,434.11,435.18,-1.07,-0.25,4417600
339,5/10/2013,438.47,434.11,4.36,1,3809500
340,5/13/2013,437.13,438.47,-1.34,-0.31,2907700
341,5/14/2013,441.89,437.13,4.76,1.09,3170300
342,5/15/2013,456.23,441.89,14.34,3.25,8001600
343,5/16/2013,450.25,456.23,-5.98,-1.31,6443200
344,5/17/2013,452.89,450.25,2.64,0.59,5604800
345,5/20/2013,452.57,452.89,-0.32,-0.07,4562300
346,5/21/2013,451.79,452.57,-0.78,-0.17,3980700
347,5/22/2013,443.05,451.79,-8.74,-1.93,5140300
348,5/23/2013,439.75,443.05,-3.3,-0.74,4567200
349,5/24/2013,435.03,439.75,-4.72,-1.07,4610700
350,5/28/2013,438.99,435.03,3.96,0.91,4531900
351,5/29/2013,432.53,438.99,-6.46,-1.47,4041800
352,5/30/2013,433.75,432.53,1.22,0.28,4257200
353,5/31/2013,433.98,433.75,0.23,0.05,3953500
354,6/3/2013,432.2,433.98,-1.78,-0.41,4969900
355,6/4/2013,427.95,432.2,-4.25,-0.98,3751100
356,6/5/2013,428.24,427.95,0.29,0.07,4229300
357,6/6/2013,430.71,428.24,2.47,0.58,5177400
358,6/7/2013,438.22,430.71,7.51,1.74,5369200
359,6/10/2013,443.45,438.22,5.23,1.19,4693000
360,6/11/2013,438.26,443.45,-5.19,-1.17,3528300
361,6/12/2013,434.36,438.26,-3.9,-0.89,4426100
362,6/13/2013,436.86,434.36,2.5,0.58,4155200
363,6/14/2013,435.89,436.86,-0.97,-0.22,4506700
364,6/17/2013,441.47,435.89,5.58,1.28,4308500
365,6/18/2013,448.63,441.47,7.16,1.62,4350000
366,6/19/2013,448.66,448.63,0.03,0.01,5853600
367,6/20/2013,440.72,448.66,-7.94,-1.77,6769200
368,6/21/2013,438.82,440.72,-1.9,-0.43,7994300
369,6/24/2013,433.27,438.82,-5.55,-1.26,6056300
370,6/25/2013,431.48,433.27,-1.79,-0.41,5125500
371,6/26/2013,435.19,431.48,3.71,0.86,3676400
372,6/27/2013,436.9,435.19,1.71,0.39,3867300
373,6/28/2013,438.54,436.9,1.64,0.38,4716100
374,7/1/2013,442.28,438.54,3.74,0.85,3462400
375,7/2/2013,439.51,442.28,-2.77,-0.63,3797000
376,7/3/2013,441.56,439.51,2.05,0.47,2101700
377,7/5/2013,445.08,441.56,3.52,0.8,3416500
378,7/8/2013,450.86,445.08,5.78,1.3,3953700
379,7/9/2013,450.93,450.86,0.07,0.02,3973500
380,7/10/2013,451.3,450.93,0.37,0.08,3429500
381,7/11/2013,458.4,451.3,7.1,1.57,5187700
382,7/12/2013,459.78,458.4,1.38,0.3,5155600
383,7/15/2013,460.62,459.78,0.84,0.18,3935600
384,7/16/2013,458.09,460.62,-2.53,-0.55,3980700
385,7/17/2013,457.56,458.09,-0.53,-0.12,3023400
386,7/18/2013,453.64,457.56,-3.92,-0.86,7296100
387,7/19/2013,446.63,453.64,-7.01,-1.55,14773700
388,7/22/2013,453.65,446.63,7.02,1.57,5828100
389,7/23/2013,450.21,453.65,-3.44,-0.76,4106600
390,7/24/2013,449.76,450.21,-0.45,-0.1,4172500
391,7/25/2013,442.19,449.76,-7.57,-1.68,6024600
392,7/26/2013,441.02,442.19,-1.17,-0.26,3568600
393,7/29/2013,439.49,441.02,-1.53,-0.35,3797800
394,7/30/2013,443.8,439.49,4.31,0.98,3524300
395,7/31/2013,442.22,443.8,-1.58,-0.36,4363200
396,8/1/2013,450.42,442.22,8.2,1.85,4292700
397,8/2/2013,451.59,450.42,1.17,0.26,3440600
398,8/5/2013,450.81,451.59,-0.78,-0.17,2629100
399,8/6/2013,446.61,450.81,-4.2,-0.93,3023400
400,8/7/2013,443.66,446.61,-2.95,-0.66,2768600
401,8/8/2013,444.66,443.66,1,0.23,2987000
402,8/9/2013,443.54,444.66,-1.12,-0.25,2657200
403,8/12/2013,441.1,443.54,-2.44,-0.55,2764200
404,8/13/2013,438.98,441.1,-2.12,-0.48,2850200
405,8/14/2013,433.28,438.98,-5.7,-1.3,4179900
406,8/15/2013,428.22,433.28,-5.06,-1.17,3752300
407,8/16/2013,426.86,428.22,-1.36,-0.32,3362700
408,8/19/2013,431.21,426.86,4.35,1.02,3635300
409,8/20/2013,431.09,431.21,-0.12,-0.03,2475100
410,8/21/2013,433.04,431.09,1.95,0.45,3527700
411,8/22/2013,435.22,433.04,2.18,0.5,1746200
412,8/23/2013,433.48,435.22,-1.74,-0.4,2162200
413,8/26/2013,431.58,433.48,-1.9,-0.44,2112800
414,8/27/2013,423.49,431.58,-8.09,-1.87,3481100
415,8/28/2013,422.69,423.49,-0.8,-0.19,2669700
416,8/29/2013,426.12,422.69,3.43,0.81,2968000
417,8/30/2013,421.87,426.12,-4.25,-1,3737100
418,9/3/2013,428.58,421.87,6.71,1.59,4110400
419,9/4/2013,434.19,428.58,5.61,1.31,4097600
420,9/5/2013,438.14,434.19,3.95,0.91,2592100
421,9/6/2013,438.15,438.14,0.01,0,3134800
422,9/9/2013,442.37,438.15,4.22,0.96,2478300
423,9/10/2013,442.68,442.37,0.31,0.07,2584700
424,9/11/2013,446.42,442.68,3.74,0.84,3233200
425,9/12/2013,444.86,446.42,-1.56,-0.35,2199100
426,9/13/2013,442.88,444.86,-1.98,-0.45,2660600
427,9/16/2013,442.22,442.88,-0.66,-0.15,2682900
428,9/17/2013,441.4,442.22,-0.82,-0.19,2528200
429,9/18/2013,449.97,441.4,8.57,1.94,3883800
430,9/19/2013,447.52,449.97,-2.45,-0.54,3207600
431,9/20/2013,449.87,447.52,2.35,0.53,8723000
432,9/23/2013,441.59,449.87,-8.28,-1.84,3568000
433,9/24/2013,441.76,441.59,0.17,0.04,2984600
434,9/25/2013,436.98,441.76,-4.78,-1.08,3310200
435,9/26/2013,437.45,436.98,0.47,0.11,2529200
436,9/27/2013,436.56,437.45,-0.89,-0.2,2527000
437,9/30/2013,436.32,436.56,-0.24,-0.05,3457600
438,10/1/2013,441.84,436.32,5.52,1.27,3382100
439,10/2/2013,442.34,441.84,0.5,0.11,3001700
440,10/3/2013,436.41,442.34,-5.93,-1.34,4249800
441,10/4/2013,434.55,436.41,-1.86,-0.43,2726100
442,10/7/2013,431.25,434.55,-3.3,-0.76,2596800
443,10/8/2013,425.24,431.25,-6.01,-1.39,3901800
444,10/9/2013,426.33,425.24,1.09,0.26,5322400
445,10/10/2013,432.5,426.33,6.17,1.45,4527400
446,10/11/2013,434.37,432.5,1.87,0.43,2828300
447,10/14/2013,436.42,434.37,2.05,0.47,2496400
448,10/15/2013,439.36,436.42,2.94,0.67,3195600
449,10/16/2013,447.34,439.36,7.98,1.82,4030200
450,10/17/2013,442.74,447.34,-4.6,-1.03,8545000
451,10/18/2013,503.82,442.74,61.08,13.8,23219400
452,10/21/2013,499.78,503.82,-4.04,-0.8,7283700
453,10/22/2013,501.62,499.78,1.84,0.37,4433700
454,10/23/2013,513.78,501.62,12.16,2.42,5346300
455,10/24/2013,510.86,513.78,-2.92,-0.57,4199700
456,10/25/2013,505.7,510.86,-5.16,-1.01,4076100
457,10/28/2013,505.6,505.7,-0.1,-0.02,2326000
458,10/29/2013,516.19,505.6,10.59,2.09,3222000
459,10/30/2013,513.29,516.19,-2.9,-0.56,2658000
460,10/31/2013,513.37,513.29,0.08,0.02,3292200
461,11/1/2013,511.6,513.37,-1.77,-0.34,2576100
462,11/4/2013,511.14,511.6,-0.46,-0.09,2286000
463,11/5/2013,508.85,511.14,-2.29,-0.45,2371500
464,11/6/2013,509.47,508.85,0.62,0.12,1832600
465,11/7/2013,502.09,509.47,-7.38,-1.45,3371700
466,11/8/2013,506.12,502.09,4.03,0.8,2591100
467,11/11/2013,503.41,506.12,-2.71,-0.54,2233500
468,11/12/2013,504,503.41,0.59,0.12,2445200
469,11/13/2013,514.31,504,10.31,2.05,3170500
470,11/14/2013,515.68,514.31,1.37,0.27,2342100
471,11/15/2013,514.85,515.68,-0.83,-0.16,2562100
472,11/18/2013,513.85,514.85,-1,-0.19,3532500
473,11/19/2013,510.69,513.85,-3.16,-0.61,2271600
474,11/20/2013,509.25,510.69,-1.44,-0.28,1934500
475,11/21/2013,515.1,509.25,5.85,1.15,2191700
476,11/22/2013,514.02,515.1,-1.08,-0.21,2517700
477,11/25/2013,521.01,514.02,6.99,1.36,3238000
478,11/26/2013,527.23,521.01,6.22,1.19,4589600
479,11/27/2013,529.57,527.23,2.34,0.44,2255500
480,11/29/2013,527.82,529.57,-1.75,-0.33,2394400
481,12/2/2013,525.27,527.82,-2.55,-0.48,2756600
482,12/3/2013,524.66,525.27,-0.61,-0.12,3364700
483,12/4/2013,527.11,524.66,2.45,0.47,2392000
484,12/5/2013,526.7,527.11,-0.41,-0.08,2275800
485,12/6/2013,532.94,526.7,6.24,1.18,2868200
486,12/9/2013,537.06,532.94,4.12,0.77,2976200
487,12/10/2013,540.3,537.06,3.24,0.6,3721600
488,12/11/2013,536.63,540.3,-3.67,-0.68,3436400
489,12/12/2013,532.98,536.63,-3.65,-0.68,3204800
490,12/13/2013,528.41,532.98,-4.57,-0.86,4340900
491,12/16/2013,534.49,528.41,6.08,1.15,3216000
492,12/17/2013,532.93,534.49,-1.56,-0.29,3082800
493,12/18/2013,540.35,532.93,7.42,1.39,4437100
494,12/19/2013,541.08,540.35,0.73,0.14,3343800
495,12/20/2013,548.26,541.08,7.18,1.33,6547600
496,12/23/2013,555.47,548.26,7.21,1.32,3456000
497,12/24/2013,553.84,555.47,-1.63,-0.29,1473800
498,12/26/2013,556.64,553.84,2.8,0.51,2685500
499,12/27/2013,557.11,556.64,0.47,0.08,3151100
500,12/30/2013,552.66,557.11,-4.45,-0.8,2481300
501,12/31/2013,558.26,552.66,5.6,1.01,2725900
502,1/2/2014,554.48,558.26,-3.78,-0.68,3656400
503,1/3/2014,550.44,554.48,-4.04,-0.73,3345800
504,1/6/2014,556.57,550.44,6.13,1.11,3551800
505,1/7/2014,567.3,556.57,10.73,1.93,5124300
506,1/8/2014,568.48,567.3,1.18,0.21,4501700
507,1/9/2014,563.01,568.48,-5.47,-0.96,4184500
508,1/10/2014,562.98,563.01,-0.03,-0.01,4302900
509,1/13/2014,559.39,562.98,-3.59,-0.64,4855800
510,1/14/2014,572.55,559.39,13.16,2.35,4983700
511,1/15/2014,572.17,572.55,-0.38,-0.07,3915000
512,1/16/2014,575.95,572.17,3.78,0.66,3380300
513,1/17/2014,573.12,575.95,-2.83,-0.49,5422800
514,1/21/2014,579.68,573.12,6.56,1.14,3974500
515,1/22/2014,580.33,579.68,0.65,0.11,3154500
516,1/23/2014,577.88,580.33,-2.45,-0.42,3912700
517,1/24/2014,559.82,577.88,-18.06,-3.13,7814000
518,1/27/2014,548.56,559.82,-11.26,-2.01,8739800
519,1/28/2014,559.41,548.56,10.85,1.98,4436900
520,1/29/2014,551.39,559.41,-8.02,-1.43,4777500
521,1/30/2014,565.58,551.39,14.19,2.57,10220800
522,1/31/2014,588.28,565.58,22.7,4.01,11174200
523,2/3/2014,564.6,588.28,-23.68,-4.03,9172400
524,2/4/2014,566.95,564.6,2.35,0.42,5644800
525,2/5/2014,569.47,566.95,2.52,0.44,4806800
526,2/6/2014,577.81,569.47,8.34,1.46,3907600
527,2/7/2014,586.52,577.81,8.71,1.51,5292000
528,2/10/2014,584.27,586.52,-2.25,-0.38,3904800
529,2/11/2014,592.87,584.27,8.6,1.47,4116900
530,2/12/2014,591.13,592.87,-1.74,-0.29,3461800
531,2/13/2014,597.71,591.13,6.58,1.11,3686400
532,2/14/2014,599.15,597.71,1.44,0.24,4389700
533,2/18/2014,603.18,599.15,4.03,0.67,4233500
534,2/19/2014,598.93,603.18,-4.25,-0.7,4222900
535,2/20/2014,599.81,598.93,0.88,0.15,3414300
536,2/21/2014,599.65,599.81,-0.16,-0.03,3738500
537,2/24/2014,603.99,599.65,4.34,0.72,3361100
538,2/25/2014,607.72,603.99,3.73,0.62,2888100
539,2/26/2014,607.81,607.72,0.09,0.01,3979100
540,2/27/2014,607.33,607.81,-0.48,-0.08,2529400
541,2/28/2014,605.56,607.33,-1.77,-0.29,4644500
542,3/3/2014,599.1,605.56,-6.46,-1.07,4225300
543,3/4/2014,605.19,599.1,6.09,1.02,2946300
544,3/5/2014,606.86,605.19,1.67,0.28,2479700
545,3/6/2014,607.53,606.86,0.67,0.11,2545600
546,3/7/2014,605.13,607.53,-2.4,-0.4,3041500
547,3/10/2014,603.52,605.13,-1.61,-0.27,2438200
548,3/11/2014,597.75,603.52,-5.77,-0.96,3438800
549,3/12/2014,601.4,597.75,3.65,0.61,3943200
550,3/13/2014,592.31,601.4,-9.09,-1.51,4708600
551,3/14/2014,584.21,592.31,-8.1,-1.37,4604900
552,3/17/2014,593.82,584.21,9.61,1.64,4340300
553,3/18/2014,603.37,593.82,9.55,1.61,3643500
554,3/19/2014,597.39,603.37,-5.98,-0.99,3237800
555,3/20/2014,596.34,597.39,-1.05,-0.18,3381900
556,3/21/2014,589.31,596.34,-7.03,-1.18,6441000
557,3/24/2014,576.8,589.31,-12.51,-2.12,6096800
558,3/25/2014,577.2,576.8,0.4,0.07,4838400
559,3/26/2014,563.87,577.2,-13.33,-2.31,5179200
560,3/27/2014,556.93,563.87,-6.94,-1.23,13100
561,3/28/2014,558.46,556.93,1.53,0.27,41200
562,3/31/2014,555.45,558.46,-3.01,-0.54,10800
563,4/1/2014,565.61,555.45,10.16,1.83,7900
564,4/2/2014,565.45,565.61,-0.16,-0.03,147100
565,4/3/2014,568.18,565.45,2.73,0.48,5099100
566,4/4/2014,541.65,568.18,-26.53,-4.67,6369300
567,4/7/2014,536.68,541.65,-4.97,-0.92,4401600
568,4/8/2014,553.38,536.68,16.7,3.11,3151200
569,4/9/2014,562.6,553.38,9.22,1.67,3330800
570,4/10/2014,539.47,562.6,-23.13,-4.11,4036800
571,4/11/2014,529.15,539.47,-10.32,-1.91,3924800
572,4/14/2014,531.06,529.15,1.91,0.36,2575000
573,4/15/2014,534.97,531.06,3.91,0.74,3855000
574,4/16/2014,555.02,534.97,20.05,3.75,4893200
575,4/17/2014,534.63,555.02,-20.39,-3.67,6809500
576,4/21/2014,527.17,534.63,-7.46,-1.4,2566700
577,4/22/2014,533.35,527.17,6.18,1.17,2365300
578,4/23/2014,525.5,533.35,-7.85,-1.47,2052300
579,4/24/2014,523.72,525.5,-1.78,-0.34,1883100
580,4/25/2014,514.77,523.72,-8.95,-1.71,2100300
581,4/28/2014,515.73,514.77,0.96,0.19,3335500
582,4/29/2014,526.26,515.73,10.53,2.04,2699000
583,4/30/2014,525.22,526.26,-1.04,-0.2,1751100
584,5/1/2014,529.9,525.22,4.68,0.89,1905500
585,5/2/2014,526.48,529.9,-3.42,-0.65,1688500
586,5/5/2014,526.36,526.48,-0.12,-0.02,1024100
587,5/6/2014,513.73,526.36,-12.63,-2.4,1689000
588,5/7/2014,508.56,513.73,-5.17,-1.01,3224300
589,5/8/2014,509.6,508.56,1.04,0.2,2021300
590,5/9/2014,517.31,509.6,7.71,1.51,2439400
591,5/12/2014,528.47,517.31,11.16,2.16,1912500
592,5/13/2014,531.63,528.47,3.16,0.6,1653400
593,5/14/2014,525.21,531.63,-6.42,-1.21,1191700
594,5/15/2014,518.56,525.21,-6.65,-1.27,1704300
595,5/16/2014,519.2,518.56,0.64,0.12,1485200
596,5/19/2014,527.41,519.2,8.21,1.58,1277700
597,5/20/2014,528.32,527.41,0.91,0.17,1784700
598,5/21/2014,537.46,528.32,9.14,1.73,1196200
599,5/22/2014,543.57,537.46,6.11,1.14,1615800
600,5/23/2014,551.19,543.57,7.62,1.4,1932100
601,5/27/2014,564.4,551.19,13.21,2.4,2104100
602,5/28/2014,560.14,564.4,-4.26,-0.75,1652000
603,5/29/2014,558.55,560.14,-1.59,-0.28,1354100
604,5/30/2014,558.36,558.55,-0.19,-0.03,1771100
605,6/2/2014,552.41,558.36,-5.95,-1.07,1435000
606,6/3/2014,543.45,552.41,-8.96,-1.62,1866600
607,6/4/2014,543.17,543.45,-0.28,-0.05,1816400
608,6/5/2014,552.38,543.17,9.21,1.7,1689100
609,6/6/2014,554.81,552.38,2.43,0.44,1736700
610,6/9/2014,560.58,554.81,5.77,1.04,1467500
611,6/10/2014,559.02,560.58,-1.56,-0.28,1351700
612,6/11/2014,557.31,559.02,-1.71,-0.31,1100100
613,6/12/2014,549.84,557.31,-7.47,-1.34,1458400
614,6/13/2014,550.25,549.84,0.41,0.07,1220500
615,6/16/2014,542.79,550.25,-7.46,-1.36,1702500
616,6/17/2014,541.52,542.79,-1.27,-0.23,1444500
617,6/18/2014,551.85,541.52,10.33,1.91,1741700
618,6/19/2014,553.38,551.85,1.53,0.28,2456800
619,6/20/2014,554.84,553.38,1.46,0.26,4508300
620,6/23/2014,563.4,554.84,8.56,1.54,1536800
621,6/24/2014,563.07,563.4,-0.33,-0.06,2207100
622,6/25/2014,577.07,563.07,14,2.49,1969300
623,6/26/2014,574.42,577.07,-2.65,-0.46,1741900
624,6/27/2014,575.66,574.42,1.24,0.22,2236900
625,6/30/2014,573.7,575.66,-1.96,-0.34,1313700
626,7/1/2014,581.07,573.7,7.37,1.28,1447900
627,7/2/2014,580.74,581.07,-0.33,-0.06,1056300
628,7/3/2014,583.13,580.74,2.39,0.41,714100
629,7/7/2014,580.66,583.13,-2.47,-0.42,1064600
630,7/8/2014,569.53,580.66,-11.13,-1.92,1909500
631,7/9/2014,574.5,569.53,4.97,0.87,1116700
632,7/10/2014,569.54,574.5,-4.96,-0.86,1356700
633,7/11/2014,577.59,569.54,8.05,1.41,1621700
634,7/14/2014,583.27,577.59,5.68,0.98,1854000
635,7/15/2014,583.18,583.27,-0.09,-0.02,1623000
636,7/16/2014,581.06,583.18,-2.12,-0.36,1397100
637,7/17/2014,572.16,581.06,-8.9,-1.53,3016500
638,7/18/2014,593.45,572.16,21.29,3.72,4014100
639,7/21/2014,587.86,593.45,-5.59,-0.94,2062100
640,7/22/2014,593.11,587.86,5.25,0.89,1699100
641,7/23/2014,594.35,593.11,1.24,0.21,1233100
642,7/24/2014,591.73,594.35,-2.62,-0.44,1035100
643,7/25/2014,587.41,591.73,-4.32,-0.73,932400
644,7/28/2014,588.98,587.41,1.57,0.27,986800
645,7/29/2014,584.01,588.98,-4.97,-0.84,1349800
646,7/30/2014,585.81,584.01,1.8,0.31,1016400
647,7/31/2014,570.03,585.81,-15.78,-2.69,2102700
648,8/1/2014,564.52,570.03,-5.51,-0.97,1955200
649,8/4/2014,571.58,564.52,7.06,1.25,1427300
650,8/5/2014,563.52,571.58,-8.06,-1.41,1551200
651,8/6/2014,564.82,563.52,1.3,0.23,1334300
652,8/7/2014,561.82,564.82,-3,-0.53,1110900
653,8/8/2014,567.21,561.82,5.39,0.96,1494700
654,8/11/2014,566.33,567.21,-0.88,-0.16,1214700
655,8/12/2014,561.19,566.33,-5.14,-0.91,1542000
656,8/13/2014,573.21,561.19,12.02,2.14,1439200
657,8/14/2014,573.08,573.21,-0.13,-0.02,985400
658,8/15/2014,571.91,573.08,-1.17,-0.2,1519100
659,8/18/2014,580.57,571.91,8.66,1.51,1284100
660,8/19/2014,585.25,580.57,4.68,0.81,978600
661,8/20/2014,582.89,585.25,-2.36,-0.4,1036700
662,8/21/2014,581.77,582.89,-1.12,-0.19,914800
663,8/22/2014,580.96,581.77,-0.81,-0.14,789000
664,8/25/2014,578.61,580.96,-2.35,-0.4,1361400
665,8/26/2014,576.28,578.61,-2.33,-0.4,1639600
666,8/27/2014,569.44,576.28,-6.84,-1.19,1703300
667,8/28/2014,567.64,569.44,-1.8,-0.32,1292900
668,8/29/2014,570.03,567.64,2.39,0.42,1083700
669,9/2/2014,575.75,570.03,5.72,1,1578400
670,9/3/2014,576.36,575.75,0.61,0.11,1215100
671,9/4/2014,580.39,576.36,4.03,0.7,1458100
672,9/5/2014,584.48,580.39,4.09,0.7,1632300
673,9/8/2014,588.11,584.48,3.63,0.62,1431000
674,9/9/2014,579.42,588.11,-8.69,-1.48,1287200
675,9/10/2014,581.5,579.42,2.08,0.36,977300
676,9/11/2014,579.76,581.5,-1.74,-0.3,1221000
677,9/12/2014,574.04,579.76,-5.72,-0.99,1601600
678,9/15/2014,571.53,574.04,-2.51,-0.44,1597500
679,9/16/2014,578.36,571.53,6.83,1.2,1480300
680,9/17/2014,583.17,578.36,4.81,0.83,1692800
681,9/18/2014,587.66,583.17,4.49,0.77,1444500
682,9/19/2014,594.45,587.66,6.79,1.16,3736600
683,9/22/2014,585.76,594.45,-8.69,-1.46,1689500
684,9/23/2014,579.54,585.76,-6.22,-1.06,1471400
685,9/24/2014,586.38,579.54,6.84,1.18,1728100
686,9/25/2014,573.49,586.38,-12.89,-2.2,1925900
687,9/26/2014,575.52,573.49,2.03,0.35,1443600
688,9/29/2014,574.78,575.52,-0.74,-0.13,1282400
689,9/30/2014,575.78,574.78,1,0.17,1621700
690,10/1/2014,566.71,575.78,-9.07,-1.58,1445400
691,10/2/2014,568.52,566.71,1.81,0.32,1178400
692,10/3/2014,573.7,568.52,5.18,0.91,1141700
693,10/6/2014,575.77,573.7,2.07,0.36,1214600
694,10/7/2014,562.2,575.77,-13.57,-2.36,1911300
695,10/8/2014,570.93,562.2,8.73,1.55,1990800
696,10/9/2014,559.34,570.93,-11.59,-2.03,2524800
697,10/10/2014,543,559.34,-16.34,-2.92,3081900
698,10/13/2014,531.75,543,-11.25,-2.07,2581600
699,10/14/2014,536.47,531.75,4.72,0.89,2222500
700,10/15/2014,528.58,536.47,-7.89,-1.47,3719300
701,10/16/2014,523.07,528.58,-5.51,-1.04,3708500
702,10/17/2014,509.77,523.07,-13.3,-2.54,5539300
703,10/20/2014,519.41,509.77,9.64,1.89,2607500
704,10/21/2014,525.1,519.41,5.69,1.1,2336200
705,10/22/2014,531.25,525.1,6.15,1.17,2919200
706,10/23/2014,542.49,531.25,11.24,2.12,2348800
707,10/24/2014,538.3,542.49,-4.19,-0.77,1973100
708,10/27/2014,539.29,538.3,0.99,0.18,1185300
709,10/28/2014,547.4,539.29,8.11,1.5,1270900
710,10/29/2014,547.83,547.4,0.43,0.08,1770500
711,10/30/2014,548.8,547.83,0.97,0.18,1455600
712,10/31/2014,557.55,548.8,8.75,1.59,2035000
713,11/3/2014,553.7,557.55,-3.85,-0.69,1382200
714,11/4/2014,552.59,553.7,-1.11,-0.2,1244200
715,11/5/2014,544.43,552.59,-8.16,-1.48,2032200
716,11/6/2014,540.56,544.43,-3.87,-0.71,1333200
717,11/7/2014,539.53,540.56,-1.03,-0.19,1633700
718,11/10/2014,545.99,539.53,6.46,1.2,1134600
719,11/11/2014,548.78,545.99,2.79,0.51,965500
720,11/12/2014,545.81,548.78,-2.97,-0.54,1129600
721,11/13/2014,543.89,545.81,-1.92,-0.35,1339300
722,11/14/2014,542.91,543.89,-0.98,-0.18,1289500
723,11/17/2014,535.04,542.91,-7.87,-1.45,1726000
724,11/18/2014,533.57,535.04,-1.47,-0.27,1962600
725,11/19/2014,535.52,533.57,1.95,0.37,1392200
726,11/20/2014,533.37,535.52,-2.15,-0.4,1563300
727,11/21/2014,536.03,533.37,2.66,0.5,2224200
728,11/24/2014,537.79,536.03,1.76,0.33,1706300
729,11/25/2014,539.6,537.79,1.81,0.34,1789900
730,11/26/2014,538.89,539.6,-0.71,-0.13,1522900
731,11/28/2014,540.35,538.89,1.46,0.27,1148300
732,12/1/2014,532.34,540.35,-8.01,-1.48,2115300
733,12/2/2014,532.29,532.34,-0.05,-0.01,1526600
734,12/3/2014,529.87,532.29,-2.42,-0.45,1277900
735,12/4/2014,535.84,529.87,5.97,1.13,1392100
736,12/5/2014,523.82,535.84,-12.02,-2.24,2565600
737,12/8/2014,525.54,523.82,1.72,0.33,2329300
738,12/9/2014,531.91,525.54,6.37,1.21,1871300
739,12/10/2014,524.62,531.91,-7.29,-1.37,1712200
740,12/11/2014,526.89,524.62,2.27,0.43,1610800
741,12/12/2014,517.24,526.89,-9.65,-1.83,1994500
742,12/15/2014,512.39,517.24,-4.85,-0.94,2813400
743,12/16/2014,494.03,512.39,-18.36,-3.58,3964200
744,12/17/2014,503.51,494.03,9.48,1.92,2883100
745,12/18/2014,509.7,503.51,6.19,1.23,2926700
746,12/19/2014,514.94,509.7,5.24,1.03,3690200
747,12/22/2014,523.43,514.94,8.49,1.65,2723700
748,12/23/2014,529.14,523.43,5.71,1.09,2197600
749,12/24/2014,527.32,529.14,-1.82,-0.34,705900
750,12/26/2014,532.57,527.32,5.25,1,1040500
751,12/29/2014,528.88,532.57,-3.69,-0.69,2278500
752,12/30/2014,528.97,528.88,0.09,0.02,876200
753,12/31/2014,524.96,528.97,-4.01,-0.76,1368200
754,1/2/2015,523.37,524.96,-1.59,-0.3,1447500
755,1/5/2015,512.46,523.37,-10.91,-2.08,2059800
756,1/6/2015,500.59,512.46,-11.87,-2.32,2899900
757,1/7/2015,499.73,500.59,-0.86,-0.17,2065000
758,1/8/2015,501.3,499.73,1.57,0.31,3353500
759,1/9/2015,494.81,501.3,-6.49,-1.29,2071300
760,1/12/2015,491.2,494.81,-3.61,-0.73,2326700
761,1/13/2015,494.82,491.2,3.62,0.74,2370400
762,1/14/2015,499.5,494.82,4.68,0.95,2235700
763,1/15/2015,500.42,499.5,0.92,0.18,2715800
764,1/16/2015,506.69,500.42,6.27,1.25,2298200
765,1/20/2015,505.51,506.69,-1.18,-0.23,2232000
766,1/21/2015,516.62,505.51,11.11,2.2,2268700
767,1/22/2015,532.93,516.62,16.31,3.16,2676900
768,1/23/2015,538.47,532.93,5.54,1.04,2281700
769,1/26/2015,533.74,538.47,-4.73,-0.88,1543700
770,1/27/2015,517.21,533.74,-16.53,-3.1,1904000
771,1/28/2015,508.6,517.21,-8.61,-1.66,1683800
772,1/29/2015,509.26,508.6,0.66,0.13,4186300
773,1/30/2015,533.06,509.26,23.8,4.67,5606300
774,2/2/2015,527.03,533.06,-6.03,-1.13,2849800
775,2/3/2015,527.79,527.03,0.76,0.14,2038600
776,2/4/2015,521.33,527.79,-6.46,-1.22,1663600
777,2/5/2015,526.14,521.33,4.81,0.92,1849700
778,2/6/2015,529.55,526.14,3.41,0.65,1763500
779,2/9/2015,526.38,529.55,-3.17,-0.6,1267700
780,2/10/2015,535.47,526.38,9.09,1.73,1749800
781,2/11/2015,534.5,535.47,-0.97,-0.18,1377700
782,2/12/2015,541.44,534.5,6.94,1.3,1620200
783,2/13/2015,547.51,541.44,6.07,1.12,1900300
784,2/17/2015,541.35,547.51,-6.16,-1.13,1616800
785,2/18/2015,538.22,541.35,-3.13,-0.58,1453000
786,2/19/2015,541.38,538.22,3.16,0.59,989100
787,2/20/2015,537.47,541.38,-3.91,-0.72,1444300
788,2/23/2015,530.45,537.47,-7.02,-1.31,1457800
789,2/24/2015,534.62,530.45,4.17,0.79,1005000
790,2/25/2015,542.38,534.62,7.76,1.45,1825900
791,2/26/2015,553.96,542.38,11.58,2.14,2311500
792,2/27/2015,556.87,553.96,2.91,0.53,2410100
793,3/2/2015,569.78,556.87,12.91,2.32,2129600
794,3/3/2015,572.07,569.78,2.29,0.4,1704700
795,3/4/2015,571.8,572.07,-0.27,-0.05,1876800
796,3/5/2015,573.75,571.8,1.95,0.34,1389600
797,3/6/2015,566.13,573.75,-7.62,-1.33,1659100
798,3/9/2015,567.29,566.13,1.16,0.2,1062100
799,3/10/2015,553.49,567.29,-13.8,-2.43,1792300
800,3/11/2015,549.67,553.49,-3.82,-0.69,1820700
801,3/12/2015,553.99,549.67,4.32,0.79,1389600
802,3/13/2015,545.82,553.99,-8.17,-1.47,1703500
803,3/16/2015,552.99,545.82,7.17,1.31,1640900
804,3/17/2015,549.33,552.99,-3.66,-0.66,1805500
805,3/18/2015,557.97,549.33,8.64,1.57,2134500
806,3/19/2015,556.46,557.97,-1.51,-0.27,1197200
807,3/20/2015,558.83,556.46,2.37,0.43,2616800
808,3/23/2015,557.28,558.83,-1.55,-0.28,1643800
809,3/24/2015,568.63,557.28,11.35,2.04,2583200
810,3/25/2015,557.26,568.63,-11.37,-2,2152200
811,3/26/2015,553.65,557.26,-3.61,-0.65,1572600
812,3/27/2015,546.84,553.65,-6.81,-1.23,1897400
813,3/30/2015,550.52,546.84,3.68,0.67,1287500
814,3/31/2015,546.5,550.52,-4.02,-0.73,1588000
815,4/1/2015,541.07,546.5,-5.43,-0.99,1963000
816,4/2/2015,534.06,541.07,-7.01,-1.3,1716300
817,4/6/2015,535.3,534.06,1.24,0.23,1324400
818,4/7/2015,535.55,535.3,0.25,0.05,1302800
819,4/8/2015,540.13,535.55,4.58,0.86,1178500
820,4/9/2015,539.3,540.13,-0.83,-0.15,1557800
821,4/10/2015,538.53,539.3,-0.77,-0.14,1409400
822,4/13/2015,537.69,538.53,-0.84,-0.16,1645300
823,4/14/2015,528.94,537.69,-8.75,-1.63,2604100
824,4/15/2015,531.07,528.94,2.13,0.4,2318800
825,4/16/2015,532.34,531.07,1.27,0.24,1299800
826,4/17/2015,522.62,532.34,-9.72,-1.83,2151800
827,4/20/2015,533.91,522.62,11.29,2.16,1679200
828,4/21/2015,532.51,533.91,-1.4,-0.26,1844700
829,4/22/2015,537.89,532.51,5.38,1.01,1593500
830,4/23/2015,545.5,537.89,7.61,1.41,4184800
831,4/24/2015,563.51,545.5,18.01,3.3,4932500
832,4/27/2015,555.37,563.51,-8.14,-1.44,2398000
833,4/28/2015,553.68,555.37,-1.69,-0.3,1491000
834,4/29/2015,549.08,553.68,-4.6,-0.83,1698800
835,4/30/2015,537.34,549.08,-11.74,-2.14,2082200
836,5/1/2015,537.9,537.34,0.56,0.1,1768200
837,5/4/2015,540.78,537.9,2.88,0.54,1308000
838,5/5/2015,530.8,540.78,-9.98,-1.85,1383100
839,5/6/2015,524.22,530.8,-6.58,-1.24,1567000
840,5/7/2015,530.7,524.22,6.48,1.24,1546300
841,5/8/2015,538.22,530.7,7.52,1.42,1527600
842,5/11/2015,535.7,538.22,-2.52,-0.47,905300
843,5/12/2015,529.04,535.7,-6.66,-1.24,1634200
844,5/13/2015,529.62,529.04,0.58,0.11,1252300
845,5/14/2015,538.4,529.62,8.78,1.66,1403900
846,5/15/2015,533.85,538.4,-4.55,-0.85,1971300
847,5/18/2015,532.3,533.85,-1.55,-0.29,2003400
848,5/19/2015,537.36,532.3,5.06,0.95,1966900
849,5/20/2015,539.27,537.36,1.91,0.36,1430800
850,5/21/2015,542.51,539.27,3.24,0.6,1462700
851,5/22/2015,540.11,542.51,-2.4,-0.44,1176200
852,5/26/2015,532.32,540.11,-7.79,-1.44,2406500
853,5/27/2015,539.79,532.32,7.47,1.4,1525000
854,5/28/2015,539.78,539.79,-0.01,0,1029800
855,5/29/2015,532.11,539.78,-7.67,-1.42,2597400
856,6/1/2015,533.99,532.11,1.88,0.35,1904300
857,6/2/2015,539.18,533.99,5.19,0.97,1939000
858,6/3/2015,540.31,539.18,1.13,0.21,1717000
859,6/4/2015,536.7,540.31,-3.61,-0.67,1348300
860,6/5/2015,533.33,536.7,-3.37,-0.63,1388200
861,6/8/2015,526.83,533.33,-6.5,-1.22,1520600
862,6/9/2015,526.69,526.83,-0.14,-0.03,1455300
863,6/10/2015,536.69,526.69,10,1.9,1815000
864,6/11/2015,534.61,536.69,-2.08,-0.39,1217500
865,6/12/2015,532.33,534.61,-2.28,-0.43,955800
866,6/15/2015,527.2,532.33,-5.13,-0.96,1632700
867,6/16/2015,528.15,527.2,0.95,0.18,1071800
868,6/17/2015,529.26,528.15,1.11,0.21,1294200
869,6/18/2015,536.73,529.26,7.47,1.41,1833100
870,6/19/2015,536.69,536.73,-0.04,-0.01,1893500
871,6/22/2015,538.19,536.69,1.5,0.28,1250300
872,6/23/2015,540.48,538.19,2.29,0.43,1197500
873,6/24/2015,537.84,540.48,-2.64,-0.49,1286600
874,6/25/2015,535.23,537.84,-2.61,-0.49,1335700
875,6/26/2015,531.69,535.23,-3.54,-0.66,2109100
876,6/29/2015,521.52,531.69,-10.17,-1.91,1937800
877,6/30/2015,520.51,521.52,-1.01,-0.19,2217200
878,7/1/2015,521.84,520.51,1.33,0.26,1961000
879,7/2/2015,523.4,521.84,1.56,0.3,1235900
880,7/6/2015,522.86,523.4,-0.54,-0.1,1280500
881,7/7/2015,525.02,522.86,2.16,0.41,1597200
882,7/8/2015,516.83,525.02,-8.19,-1.56,1296700
883,7/9/2015,520.68,516.83,3.85,0.74,1842300
884,7/10/2015,530.13,520.68,9.45,1.81,1956700
885,7/13/2015,546.55,530.13,16.42,3.1,2206500
886,7/14/2015,561.1,546.55,14.55,2.66,3244100
887,7/15/2015,560.22,561.1,-0.88,-0.16,1784600
888,7/16/2015,579.85,560.22,19.63,3.5,4768300
889,7/17/2015,672.93,579.85,93.08,16.05,11164900
890,7/20/2015,663.02,672.93,-9.91,-1.47,5860900
891,7/21/2015,662.3,663.02,-0.72,-0.11,3377200
892,7/22/2015,662.1,662.3,-0.2,-0.03,3929300
893,7/23/2015,644.28,662.1,-17.82,-2.69,3029100
894,7/24/2015,623.56,644.28,-20.72,-3.22,3625700
895,7/27/2015,627.26,623.56,3.7,0.59,2675400
896,7/28/2015,628,627.26,0.74,0.12,1727300
897,7/29/2015,631.93,628,3.93,0.63,1575100
898,7/30/2015,632.59,631.93,0.66,0.1,1474200
899,7/31/2015,625.61,632.59,-6.98,-1.1,1706100
900,8/3/2015,631.21,625.61,5.6,0.9,1304500
901,8/4/2015,629.25,631.21,-1.96,-0.31,1490900
902,8/5/2015,643.78,629.25,14.53,2.31,2334300
903,8/6/2015,642.68,643.78,-1.1,-0.17,1572600
904,8/7/2015,635.3,642.68,-7.38,-1.15,1403900
905,8/10/2015,633.73,635.3,-1.57,-0.25,1809200
906,8/11/2015,660.78,633.73,27.05,4.27,5029200
907,8/12/2015,659.56,660.78,-1.22,-0.18,2936700
908,8/13/2015,656.45,659.56,-3.11,-0.47,1810700
909,8/14/2015,657.12,656.45,0.67,0.1,1072100
910,8/17/2015,660.87,657.12,3.75,0.57,1051700
911,8/18/2015,656.13,660.87,-4.74,-0.72,1456100
912,8/19/2015,660.9,656.13,4.77,0.73,2134100
913,8/20/2015,646.83,660.9,-14.07,-2.13,2855300
914,8/21/2015,612.48,646.83,-34.35,-5.31,4265200
915,8/24/2015,589.61,612.48,-22.87,-3.73,5770300
916,8/25/2015,582.06,589.61,-7.55,-1.28,3538000
917,8/26/2015,628.62,582.06,46.56,8,4235900
918,8/27/2015,637.61,628.62,8.99,1.43,3491300
919,8/28/2015,630.38,637.61,-7.23,-1.13,1978700
920,8/31/2015,618.25,630.38,-12.13,-1.92,2176700
921,9/1/2015,597.79,618.25,-20.46,-3.31,3702100
922,9/2/2015,614.34,597.79,16.55,2.77,2575600
923,9/3/2015,606.25,614.34,-8.09,-1.32,1759600
924,9/4/2015,600.7,606.25,-5.55,-0.92,2089000
925,9/8/2015,614.66,600.7,13.96,2.32,2279500
926,9/9/2015,612.72,614.66,-1.94,-0.32,1702100
927,9/10/2015,621.35,612.72,8.63,1.41,1905300
928,9/11/2015,625.77,621.35,4.42,0.71,1373500
929,9/14/2015,623.24,625.77,-2.53,-0.4,1702300
930,9/15/2015,635.14,623.24,11.9,1.91,2084400
931,9/16/2015,635.98,635.14,0.84,0.13,1286500
932,9/17/2015,642.9,635.98,6.92,1.09,2274700
933,9/18/2015,629.25,642.9,-13.65,-2.12,5133400
934,9/21/2015,635.44,629.25,6.19,0.98,1788500
935,9/22/2015,622.69,635.44,-12.75,-2.01,2562900
936,9/23/2015,622.36,622.69,-0.33,-0.05,1470900
937,9/24/2015,625.8,622.36,3.44,0.55,2240100
938,9/25/2015,611.97,625.8,-13.83,-2.21,2174000
939,9/28/2015,594.89,611.97,-17.08,-2.79,3127700
940,9/29/2015,594.97,594.89,0.08,0.01,2309500
941,9/30/2015,608.42,594.97,13.45,2.26,2413400
942,10/1/2015,611.29,608.42,2.87,0.47,1867600
943,10/2/2015,626.91,611.29,15.62,2.56,2684800
944,10/5/2015,641.47,626.91,14.56,2.32,1803600
945,10/6/2015,645.44,641.47,3.97,0.62,2166300
946,10/7/2015,642.36,645.44,-3.08,-0.48,2092700
947,10/8/2015,639.16,642.36,-3.2,-0.5,2182100
948,10/9/2015,643.61,639.16,4.45,0.7,1648700
949,10/12/2015,646.67,643.61,3.06,0.48,1275200
950,10/13/2015,652.3,646.67,5.63,0.87,1807700
951,10/14/2015,651.16,652.3,-1.14,-0.17,1415500
952,10/15/2015,661.74,651.16,10.58,1.62,1885700
953,10/16/2015,662.2,661.74,0.46,0.07,1611100
954,10/19/2015,666.1,662.2,3.9,0.59,1477300
955,10/20/2015,650.28,666.1,-15.82,-2.38,2498200
956,10/21/2015,642.61,650.28,-7.67,-1.18,1791100
957,10/22/2015,651.79,642.61,9.18,1.43,4071000
958,10/23/2015,702,651.79,50.21,7.7,6653900
959,10/26/2015,712.78,702,10.78,1.54,2716600
960,10/27/2015,708.49,712.78,-4.29,-0.6,2245800
961,10/28/2015,712.95,708.49,4.46,0.63,2178900
962,10/29/2015,716.92,712.95,3.97,0.56,1456000
963,10/30/2015,710.81,716.92,-6.11,-0.85,1908800
964,11/2/2015,721.11,710.81,10.3,1.45,1886300
965,11/3/2015,722.16,721.11,1.05,0.15,1565400
966,11/4/2015,728.11,722.16,5.95,0.82,1706700
967,11/5/2015,731.25,728.11,3.14,0.43,1861600
968,11/6/2015,733.76,731.25,2.51,0.34,1511600
969,11/9/2015,724.89,733.76,-8.87,-1.21,2069800
970,11/10/2015,728.32,724.89,3.43,0.47,1608000
971,11/11/2015,735.4,728.32,7.08,0.97,1366400
972,11/12/2015,731.23,735.4,-4.17,-0.57,1837200
973,11/13/2015,717,731.23,-14.23,-1.95,2075500
974,11/16/2015,728.96,717,11.96,1.67,1905900
975,11/17/2015,725.3,728.96,-3.66,-0.5,1510900
976,11/18/2015,740,725.3,14.7,2.03,1684300
977,11/19/2015,738.41,740,-1.59,-0.21,1327100
978,11/20/2015,756.6,738.41,18.19,2.46,2212300
979,11/23/2015,755.98,756.6,-0.62,-0.08,1414500
980,11/24/2015,748.28,755.98,-7.7,-1.02,2333100
981,11/25/2015,748.15,748.28,-0.13,-0.02,1122100
982,11/27/2015,750.26,748.15,2.11,0.28,838500
983,11/30/2015,742.6,750.26,-7.66,-1.02,2097600
984,12/1/2015,767.04,742.6,24.44,3.29,2134600
985,12/2/2015,762.38,767.04,-4.66,-0.61,2230400
986,12/3/2015,752.54,762.38,-9.84,-1.29,2590600
987,12/4/2015,766.81,752.54,14.27,1.9,2757300
988,12/7/2015,763.25,766.81,-3.56,-0.46,1812300
989,12/8/2015,762.37,763.25,-0.88,-0.12,1829500
990,12/9/2015,751.61,762.37,-10.76,-1.41,2700000
991,12/10/2015,749.46,751.61,-2.15,-0.29,1988400
992,12/11/2015,738.87,749.46,-10.59,-1.41,2224400
993,12/14/2015,747.77,738.87,8.9,1.2,2412500
994,12/15/2015,743.4,747.77,-4.37,-0.58,2666200
995,12/16/2015,758.09,743.4,14.69,1.98,1993300
996,12/17/2015,749.43,758.09,-8.66,-1.14,1553400
997,12/18/2015,739.31,749.43,-10.12,-1.35,3148700
998,12/21/2015,747.77,739.31,8.46,1.14,1525700
999,12/22/2015,750,747.77,2.23,0.3,1365400
1000,12/23/2015,750.31,750,0.31,0.04,1565900
1001,12/24/2015,748.4,750.31,-1.91,-0.25,527200
1002,12/28/2015,762.51,748.4,14.11,1.89,1515300
1003,12/29/2015,776.6,762.51,14.09,1.85,1765000
1004,12/30/2015,771,776.6,-5.6,-0.72,1293300
1005,12/31/2015,758.88,771,-12.12,-1.57,1500900
1006,1/4/2016,741.84,758.88,-17.04,-2.25,3272800
1007,1/5/2016,742.58,741.84,0.74,0.1,1950700
1008,1/6/2016,743.62,742.58,1.04,0.14,1947000
1009,1/7/2016,726.39,743.62,-17.23,-2.32,2963700
1010,1/8/2016,714.47,726.39,-11.92,-1.64,2450900
1011,1/11/2016,716.03,714.47,1.56,0.22,2090600
1012,1/12/2016,726.07,716.03,10.04,1.4,2024500
1013,1/13/2016,700.56,726.07,-25.51,-3.51,2501700
1014,1/14/2016,714.72,700.56,14.16,2.02,2225800
1015,1/15/2016,694.45,714.72,-20.27,-2.84,3608100
1016,1/19/2016,701.79,694.45,7.34,1.06,2268100
1017,1/20/2016,698.45,701.79,-3.34,-0.48,3445000
1018,1/21/2016,706.59,698.45,8.14,1.17,2412200
1019,1/22/2016,725.25,706.59,18.66,2.64,2011800
1020,1/25/2016,711.67,725.25,-13.58,-1.87,1711700
1021,1/26/2016,713.04,711.67,1.37,0.19,1331700
1022,1/27/2016,699.99,713.04,-13.05,-1.83,2194200
1023,1/28/2016,730.96,699.99,30.97,4.42,2676400
1024,1/29/2016,742.95,730.96,11.99,1.64,3474300
1025,2/1/2016,752,742.95,9.05,1.22,5139200
1026,2/2/2016,764.65,752,12.65,1.68,6348100
1027,2/3/2016,726.95,764.65,-37.7,-4.93,6171000
1028,2/4/2016,708.01,726.95,-18.94,-2.61,5168700
1029,2/5/2016,683.57,708.01,-24.44,-3.45,5105700
1030,2/8/2016,682.74,683.57,-0.83,-0.12,4247400
1031,2/9/2016,678.11,682.74,-4.63,-0.68,3608900
1032,2/10/2016,684.12,678.11,6.01,0.89,2638000
1033,2/11/2016,683.11,684.12,-1.01,-0.15,3024000
1034,2/12/2016,682.4,683.11,-0.71,-0.1,2141400
1035,2/16/2016,691,682.4,8.6,1.26,2520000
1036,2/17/2016,708.4,691,17.4,2.52,2492600
1037,2/18/2016,697.35,708.4,-11.05,-1.56,1883200
1038,2/19/2016,700.91,697.35,3.56,0.51,1589300
1039,2/22/2016,706.46,700.91,5.55,0.79,1949800
1040,2/23/2016,695.85,706.46,-10.61,-1.5,2009300
1041,2/24/2016,699.56,695.85,3.71,0.53,1963600
1042,2/25/2016,705.75,699.56,6.19,0.88,1642200
1043,2/26/2016,705.07,705.75,-0.68,-0.1,2243500
1044,2/29/2016,697.77,705.07,-7.3,-1.04,2481100
1045,3/1/2016,718.81,697.77,21.04,3.02,2151400
1046,3/2/2016,718.85,718.81,0.04,0.01,1629000
1047,3/3/2016,712.42,718.85,-6.43,-0.89,1958000
1048,3/4/2016,710.89,712.42,-1.53,-0.21,1972100
1049,3/7/2016,695.16,710.89,-15.73,-2.21,2985100
1050,3/8/2016,693.97,695.16,-1.19,-0.17,2076300
1051,3/9/2016,705.24,693.97,11.27,1.62,1421500
1052,3/10/2016,712.82,705.24,7.58,1.07,2833500
1053,3/11/2016,726.82,712.82,14,1.96,1970800
1054,3/14/2016,730.49,726.82,3.67,0.5,1718300
1055,3/15/2016,728.33,730.49,-2.16,-0.3,1721000
1056,3/16/2016,736.09,728.33,7.76,1.07,1624400
1057,3/17/2016,737.78,736.09,1.69,0.23,1860800
1058,3/18/2016,737.6,737.78,-0.18,-0.02,2980700
1059,3/21/2016,742.09,737.6,4.49,0.61,1836500
1060,3/22/2016,740.75,742.09,-1.34,-0.18,1269700
1061,3/23/2016,738.06,740.75,-2.69,-0.36,1432100
1062,3/24/2016,735.3,738.06,-2.76,-0.37,1594900
1063,3/28/2016,733.53,735.3,-1.77,-0.24,1301300
1064,3/29/2016,744.77,733.53,11.24,1.53,1903800
1065,3/30/2016,750.53,744.77,5.76,0.77,1782400
1066,3/31/2016,744.95,750.53,-5.58,-0.74,1718800
1067,4/1/2016,749.91,744.95,4.96,0.67,1576700
1068,4/4/2016,745.29,749.91,-4.62,-0.62,1134200
1069,4/5/2016,737.8,745.29,-7.49,-1,1132300
1070,4/6/2016,745.69,737.8,7.89,1.07,1053700
1071,4/7/2016,740.28,745.69,-5.41,-0.73,1453200
1072,4/8/2016,739.15,740.28,-1.13,-0.15,1290800
1073,4/11/2016,736.1,739.15,-3.05,-0.41,1220100
1074,4/12/2016,743.09,736.1,6.99,0.95,1353000
1075,4/13/2016,751.72,743.09,8.63,1.16,1707100
1076,4/14/2016,753.2,751.72,1.48,0.2,1135300
1077,4/15/2016,759,753.2,5.8,0.77,1809300
1078,4/18/2016,766.61,759,7.61,1,1558800
1079,4/19/2016,753.93,766.61,-12.68,-1.65,2030500
1080,4/20/2016,752.67,753.93,-1.26,-0.17,1529200
1081,4/21/2016,759.14,752.67,6.47,0.86,3060500
1082,4/22/2016,718.77,759.14,-40.37,-5.32,5951900
1083,4/25/2016,723.15,718.77,4.38,0.61,1959200
1084,4/26/2016,708.14,723.15,-15.01,-2.08,2744600
1085,4/27/2016,705.84,708.14,-2.3,-0.32,3098600
1086,4/28/2016,691.02,705.84,-14.82,-2.1,2867300
1087,4/29/2016,693.01,691.02,1.99,0.29,2487700
1088,5/2/2016,698.21,693.01,5.2,0.75,1645300
1089,5/3/2016,692.36,698.21,-5.85,-0.84,1543800
1090,5/4/2016,695.7,692.36,3.34,0.48,1693500
1091,5/5/2016,701.43,695.7,5.73,0.82,1683500
1092,5/6/2016,711.12,701.43,9.69,1.38,1829300
1093,5/9/2016,712.9,711.12,1.78,0.25,1510300
1094,5/10/2016,723.18,712.9,10.28,1.44,1569600
1095,5/11/2016,715.29,723.18,-7.89,-1.09,1692100
1096,5/12/2016,713.31,715.29,-1.98,-0.28,1360700
1097,5/13/2016,710.83,713.31,-2.48,-0.35,1314500
1098,5/16/2016,716.49,710.83,5.66,0.8,1317100
1099,5/17/2016,706.23,716.49,-10.26,-1.43,2001200
1100,5/18/2016,706.63,706.23,0.4,0.06,1766800
1101,5/19/2016,700.32,706.63,-6.31,-0.89,1670200
1102,5/20/2016,709.74,700.32,9.42,1.35,1828400
1103,5/23/2016,704.24,709.74,-5.5,-0.77,1330700
1104,5/24/2016,720.09,704.24,15.85,2.25,1929500
1105,5/25/2016,725.27,720.09,5.18,0.72,1629200
1106,5/26/2016,724.12,725.27,-1.15,-0.16,1576300
1107,5/27/2016,732.66,724.12,8.54,1.18,1975000
1108,5/31/2016,735.72,732.66,3.06,0.42,2129500
1109,6/1/2016,734.15,735.72,-1.57,-0.21,1253600
1110,6/2/2016,730.4,734.15,-3.75,-0.51,1341800
1111,6/3/2016,722.34,730.4,-8.06,-1.1,1226300
1112,6/6/2016,716.55,722.34,-5.79,-0.8,1565300
1113,6/7/2016,716.65,716.55,0.1,0.01,1336200
1114,6/8/2016,728.28,716.65,11.63,1.62,1583700
1115,6/9/2016,728.58,728.28,0.3,0.04,988900
1116,6/10/2016,719.41,728.58,-9.17,-1.26,1216400
1117,6/13/2016,718.36,719.41,-1.05,-0.15,1258900
1118,6/14/2016,718.27,718.36,-0.09,-0.01,1306100
1119,6/15/2016,718.92,718.27,0.65,0.09,1214500
1120,6/16/2016,710.36,718.92,-8.56,-1.19,1982500
1121,6/17/2016,691.72,710.36,-18.64,-2.62,3402400
1122,6/20/2016,693.71,691.72,1.99,0.29,2082500
1123,6/21/2016,695.94,693.71,2.23,0.32,1465600
1124,6/22/2016,697.46,695.94,1.52,0.22,1184300
1125,6/23/2016,701.87,697.46,4.41,0.63,2171400
1126,6/24/2016,675.22,701.87,-26.65,-3.8,4449000
1127,6/27/2016,668.26,675.22,-6.96,-1.03,2629000
1128,6/28/2016,680.04,668.26,11.78,1.76,2173800
1129,6/29/2016,684.11,680.04,4.07,0.6,1932600
1130,6/30/2016,692.1,684.11,7.99,1.17,1597700
1131,7/1/2016,699.21,692.1,7.11,1.03,1344700
1132,7/5/2016,694.95,699.21,-4.26,-0.61,1462600
1133,7/6/2016,697.77,694.95,2.82,0.41,1411900
1134,7/7/2016,695.36,697.77,-2.41,-0.35,1304200
1135,7/8/2016,705.63,695.36,10.27,1.48,1575200
1136,7/11/2016,715.09,705.63,9.46,1.34,1111800
1137,7/12/2016,720.64,715.09,5.55,0.78,1336900
1138,7/13/2016,716.98,720.64,-3.66,-0.51,935900
1139,7/14/2016,720.95,716.98,3.97,0.55,950200
1140,7/15/2016,719.85,720.95,-1.1,-0.15,1279300
1141,7/18/2016,733.78,719.85,13.93,1.94,1295500
1142,7/19/2016,736.96,733.78,3.18,0.43,1227500
1143,7/20/2016,741.19,736.96,4.23,0.57,1289700
1144,7/21/2016,738.63,741.19,-2.56,-0.35,1026300
1145,7/22/2016,742.74,738.63,4.11,0.56,1259800
1146,7/25/2016,739.77,742.74,-2.97,-0.4,1032400
1147,7/26/2016,738.42,739.77,-1.35,-0.18,1186700
1148,7/27/2016,741.77,738.42,3.35,0.45,1512500
1149,7/28/2016,745.91,741.77,4.14,0.56,3530200
1150,7/29/2016,768.79,745.91,22.88,3.07,3841500
1151,8/1/2016,772.88,768.79,4.09,0.53,2700500
1152,8/2/2016,771.07,772.88,-1.81,-0.23,1784500
1153,8/3/2016,773.18,771.07,2.11,0.27,1287400
1154,8/4/2016,771.61,773.18,-1.57,-0.2,1140300
1155,8/5/2016,782.22,771.61,10.61,1.38,1801200
1156,8/8/2016,781.76,782.22,-0.46,-0.06,1107900
1157,8/9/2016,784.26,781.76,2.5,0.32,1318900
1158,8/10/2016,784.68,784.26,0.42,0.05,786400
1159,8/11/2016,784.85,784.68,0.17,0.02,975100
1160,8/12/2016,783.22,784.85,-1.63,-0.21,740500
1161,8/15/2016,782.44,783.22,-0.78,-0.1,938200
1162,8/16/2016,777.14,782.44,-5.3,-0.68,1028000
1163,8/17/2016,779.91,777.14,2.77,0.36,924200
1164,8/18/2016,777.5,779.91,-2.41,-0.31,719400
1165,8/19/2016,775.42,777.5,-2.08,-0.27,861500
1166,8/22/2016,772.15,775.42,-3.27,-0.42,951400
1167,8/23/2016,772.08,772.15,-0.07,-0.01,928200
1168,8/24/2016,769.64,772.08,-2.44,-0.32,1072000
1169,8/25/2016,769.41,769.64,-0.23,-0.03,926900
1170,8/26/2016,769.54,769.41,0.13,0.02,1166700
1171,8/29/2016,772.15,769.54,2.61,0.34,847600
1172,8/30/2016,769.09,772.15,-3.06,-0.4,1130000
1173,8/31/2016,767.05,769.09,-2.04,-0.27,1248600
1174,9/1/2016,768.78,767.05,1.73,0.23,925100
1175,9/2/2016,771.46,768.78,2.68,0.35,1072700
1176,9/6/2016,780.08,771.46,8.62,1.12,1442800
1177,9/7/2016,780.35,780.08,0.27,0.03,893700
1178,9/8/2016,775.32,780.35,-5.03,-0.64,1270300
1179,9/9/2016,759.66,775.32,-15.66,-2.02,1885500
1180,9/12/2016,769.02,759.66,9.36,1.23,1311000
1181,9/13/2016,759.69,769.02,-9.33,-1.21,1395000
1182,9/14/2016,762.49,759.69,2.8,0.37,1087400
1183,9/15/2016,771.76,762.49,9.27,1.22,1305100
1184,9/16/2016,768.88,771.76,-2.88,-0.37,2049300
1185,9/19/2016,765.7,768.88,-3.18,-0.41,1172800
1186,9/20/2016,771.41,765.7,5.71,0.75,978600
1187,9/21/2016,776.22,771.41,4.81,0.62,1167800
1188,9/22/2016,787.21,776.22,10.99,1.42,1486200
1189,9/23/2016,786.9,787.21,-0.31,-0.04,1411900
1190,9/26/2016,774.21,786.9,-12.69,-1.61,1533200
1191,9/27/2016,783.01,774.21,8.8,1.14,1153200
1192,9/28/2016,781.56,783.01,-1.45,-0.19,1109800
1193,9/29/2016,775.01,781.56,-6.55,-0.84,1314700
1194,9/30/2016,777.29,775.01,2.28,0.29,1585300
1195,10/3/2016,772.56,777.29,-4.73,-0.61,1278800
1196,10/4/2016,776.43,772.56,3.87,0.5,1201400
1197,10/5/2016,776.47,776.43,0.04,0.01,1461200
1198,10/6/2016,776.86,776.47,0.39,0.05,1070700
1199,10/7/2016,775.08,776.86,-1.78,-0.23,933200
1200,10/10/2016,785.94,775.08,10.86,1.4,1174900
1201,10/11/2016,783.07,785.94,-2.87,-0.37,1372500
1202,10/12/2016,786.14,783.07,3.07,0.39,937400
1203,10/13/2016,778.19,786.14,-7.95,-1.01,1365300
1204,10/14/2016,778.53,778.19,0.34,0.04,852500
1205,10/17/2016,779.96,778.53,1.43,0.18,1093000
1206,10/18/2016,795.26,779.96,15.3,1.96,2056900
1207,10/19/2016,801.5,795.26,6.24,0.78,1766800
1208,10/20/2016,796.97,801.5,-4.53,-0.57,1757500
1209,10/21/2016,799.37,796.97,2.4,0.3,1266200
1210,10/24/2016,813.11,799.37,13.74,1.72,1697500
1211,10/25/2016,807.67,813.11,-5.44,-0.67,1576400
1212,10/26/2016,799.07,807.67,-8.6,-1.06,1647700
1213,10/27/2016,795.35,799.07,-3.72,-0.47,2749200
1214,10/28/2016,795.37,795.35,0.02,0,4269900
1215,10/31/2016,784.54,795.37,-10.83,-1.36,2427300
1216,11/1/2016,783.61,784.54,-0.93,-0.12,2406400
1217,11/2/2016,768.7,783.61,-14.91,-1.9,1872400
1218,11/3/2016,762.13,768.7,-6.57,-0.85,1943200
1219,11/4/2016,762.02,762.13,-0.11,-0.01,2134800
1220,11/7/2016,782.52,762.02,20.5,2.69,1585100
1221,11/8/2016,790.51,782.52,7.99,1.02,1366900
1222,11/9/2016,785.31,790.51,-5.2,-0.66,2607100
1223,11/10/2016,762.56,785.31,-22.75,-2.9,4745200
1224,11/11/2016,754.02,762.56,-8.54,-1.12,2431800
1225,11/14/2016,736.08,754.02,-17.94,-2.38,3654400
1226,11/15/2016,758.49,736.08,22.41,3.04,2384000
1227,11/16/2016,764.48,758.49,5.99,0.79,1472600
1228,11/17/2016,771.23,764.48,6.75,0.88,1304000
1229,11/18/2016,760.54,771.23,-10.69,-1.39,1547100
1230,11/21/2016,769.2,760.54,8.66,1.14,1330600
1231,11/22/2016,768.27,769.2,-0.93,-0.12,1593100
1232,11/23/2016,760.99,768.27,-7.28,-0.95,1478400
1233,11/25/2016,761.68,760.99,0.69,0.09,587400
1234,11/28/2016,768.24,761.68,6.56,0.86,2188200
1235,11/29/2016,770.84,768.24,2.6,0.34,1616600
1236,11/30/2016,758.04,770.84,-12.8,-1.66,2392900
1237,12/1/2016,747.92,758.04,-10.12,-1.34,3017900
1238,12/2/2016,750.5,747.92,2.58,0.34,1452500
1239,12/5/2016,762.52,750.5,12.02,1.6,1394200
1240,12/6/2016,759.11,762.52,-3.41,-0.45,1690700
1241,12/7/2016,771.19,759.11,12.08,1.59,1761000
1242,12/8/2016,776.42,771.19,5.23,0.68,1488100
1243,12/9/2016,789.29,776.42,12.87,1.66,1821900
1244,12/12/2016,789.27,789.29,-0.02,0,2104100
1245,12/13/2016,796.1,789.27,6.83,0.87,2145200
1246,12/14/2016,797.07,796.1,0.97,0.12,1704200
1247,12/15/2016,797.85,797.07,0.78,0.1,1626500
1248,12/16/2016,790.8,797.85,-7.05,-0.88,2443800
1249,12/19/2016,794.2,790.8,3.4,0.43,1232100
1250,12/20/2016,796.42,794.2,2.22,0.28,951000
1251,12/21/2016,794.56,796.42,-1.86,-0.23,1211300
1252,12/22/2016,791.26,794.56,-3.3,-0.42,972200
1253,12/23/2016,789.91,791.26,-1.35,-0.17,623400
1254,12/27/2016,791.55,789.91,1.64,0.21,789100
1255,12/28/2016,785.05,791.55,-6.5,-0.82,1153800
1256,12/29/2016,782.79,785.05,-2.26,-0.29,744300
1257,12/30/2016,771.82,782.79,-10.97,-1.4,1770000
1258,1/3/2017,786.14,771.82,14.32,1.86,1657300
1259,1/4/2017,786.9,786.14,0.76,0.1,1073000
1260,1/5/2017,794.02,786.9,7.12,0.9,1335200
1261,1/6/2017,806.15,794.02,12.13,1.53,1640200
1262,1/9/2017,806.65,806.15,0.5,0.06,1274600
1263,1/10/2017,804.79,806.65,-1.86,-0.23,1176800
1264,1/11/2017,807.91,804.79,3.12,0.39,1065900
1265,1/12/2017,806.36,807.91,-1.55,-0.19,1353100
1266,1/13/2017,807.88,806.36,1.52,0.19,1099200
1267,1/17/2017,804.61,807.88,-3.27,-0.4,1362100
1268,1/18/2017,806.07,804.61,1.46,0.18,1294400
1269,1/19/2017,802.17,806.07,-3.9,-0.48,919300
1270,1/20/2017,805.02,802.17,2.85,0.36,1670000
1271,1/23/2017,819.31,805.02,14.29,1.78,1963600
1272,1/24/2017,823.87,819.31,4.56,0.56,1474000
1273,1/25/2017,835.67,823.87,11.8,1.43,1494500
1274,1/26/2017,832.15,835.67,-3.52,-0.42,2973900
1275,1/27/2017,823.31,832.15,-8.84,-1.06,2965800
1276,1/30/2017,802.32,823.31,-20.99,-2.55,3246600
1277,1/31/2017,796.79,802.32,-5.53,-0.69,2160600
1278,2/1/2017,795.7,796.79,-1.09,-0.14,2029700
1279,2/2/2017,798.53,795.7,2.83,0.36,1532100
1280,2/3/2017,801.49,798.53,2.96,0.37,1463400
1281,2/6/2017,801.34,801.49,-0.15,-0.02,1184500
1282,2/7/2017,806.97,801.34,5.63,0.7,1241200
1283,2/8/2017,808.38,806.97,1.41,0.17,1155300
1284,2/9/2017,809.56,808.38,1.18,0.15,989700
1285,2/10/2017,813.67,809.56,4.11,0.51,1135000
1286,2/13/2017,819.24,813.67,5.57,0.68,1213300
1287,2/14/2017,820.45,819.24,1.21,0.15,1054700
1288,2/15/2017,818.98,820.45,-1.47,-0.18,1313600
1289,2/16/2017,824.16,818.98,5.18,0.63,1287600
1290,2/17/2017,828.07,824.16,3.91,0.47,1611000
1291,2/21/2017,831.66,828.07,3.59,0.43,1262300
1292,2/22/2017,830.76,831.66,-0.9,-0.11,982900
1293,2/23/2017,831.33,830.76,0.57,0.07,1472800
1294,2/24/2017,828.64,831.33,-2.69,-0.32,1392200
1295,2/27/2017,829.28,828.64,0.64,0.08,1101500
1296,2/28/2017,823.21,829.28,-6.07,-0.73,2260800
1297,3/1/2017,835.24,823.21,12.03,1.46,1496500
1298,3/2/2017,830.63,835.24,-4.61,-0.55,942500
1299,3/3/2017,829.08,830.63,-1.55,-0.19,896400
1300,3/6/2017,827.78,829.08,-1.3,-0.16,1109000
1301,3/7/2017,831.91,827.78,4.13,0.5,1037600
1302,3/8/2017,835.37,831.91,3.46,0.42,989800
1303,3/9/2017,838.68,835.37,3.31,0.4,1261500
1304,3/10/2017,843.25,838.68,4.57,0.54,1704000
1305,3/13/2017,845.54,843.25,2.29,0.27,1223600
1306,3/14/2017,845.62,845.54,0.08,0.01,779900
1307,3/15/2017,847.2,845.62,1.58,0.19,1381500
1308,3/16/2017,848.78,847.2,1.58,0.19,977600
1309,3/17/2017,852.12,848.78,3.34,0.39,1712300
1310,3/20/2017,848.4,852.12,-3.72,-0.44,1231500
1311,3/21/2017,830.46,848.4,-17.94,-2.11,2463500
1312,3/22/2017,829.59,830.46,-0.87,-0.1,1401500
1313,3/23/2017,817.58,829.59,-12.01,-1.45,3487100
1314,3/24/2017,814.43,817.58,-3.15,-0.39,1981000
1315,3/27/2017,819.51,814.43,5.08,0.62,1894300
1316,3/28/2017,820.92,819.51,1.41,0.17,1620500
1317,3/29/2017,831.41,820.92,10.49,1.28,1786300
1318,3/30/2017,831.5,831.41,0.09,0.01,1055300
1319,3/31/2017,829.56,831.5,-1.94,-0.23,1401900
1320,4/3/2017,838.55,829.56,8.99,1.08,1671500
1321,4/4/2017,834.57,838.55,-3.98,-0.47,1045400
1322,4/5/2017,831.41,834.57,-3.16,-0.38,1555300
1323,4/6/2017,827.88,831.41,-3.53,-0.42,1254400
1324,4/7/2017,824.67,827.88,-3.21,-0.39,1057300
1325,4/10/2017,824.73,824.67,0.06,0.01,978900
1326,4/11/2017,823.35,824.73,-1.38,-0.17,1079700
1327,4/12/2017,824.32,823.35,0.97,0.12,900500
1328,4/13/2017,823.56,824.32,-0.76,-0.09,1122400
1329,4/17/2017,837.17,823.56,13.61,1.65,895000
1330,4/18/2017,836.82,837.17,-0.35,-0.04,836700
1331,4/19/2017,838.21,836.82,1.39,0.17,954200
1332,4/20/2017,841.65,838.21,3.44,0.41,959000
1333,4/21/2017,843.19,841.65,1.54,0.18,1323600
1334,4/24/2017,862.76,843.19,19.57,2.32,1372500
1335,4/25/2017,872.3,862.76,9.54,1.11,1672000
1336,4/26/2017,871.73,872.3,-0.57,-0.07,1237200
1337,4/27/2017,874.25,871.73,2.52,0.29,2026800
1338,4/28/2017,905.96,874.25,31.71,3.63,3276300
1339,5/1/2017,912.57,905.96,6.61,0.73,2116000
1340,5/2/2017,916.44,912.57,3.87,0.42,1587200
1341,5/3/2017,927.04,916.44,10.6,1.16,1499500
1342,5/4/2017,931.66,927.04,4.62,0.5,1422100
1343,5/5/2017,927.13,931.66,-4.53,-0.49,1911300
1344,5/8/2017,934.3,927.13,7.17,0.77,1329800
1345,5/9/2017,932.17,934.3,-2.13,-0.23,1581800
1346,5/10/2017,928.78,932.17,-3.39,-0.36,1173900
1347,5/11/2017,930.6,928.78,1.82,0.2,835000
1348,5/12/2017,932.22,930.6,1.62,0.17,1050600
1349,5/15/2017,937.08,932.22,4.86,0.52,1108100
1350,5/16/2017,943,937.08,5.92,0.63,969500
1351,5/17/2017,919.62,943,-23.38,-2.48,2362100
1352,5/18/2017,930.24,919.62,10.62,1.15,1596900
1353,5/19/2017,934.01,930.24,3.77,0.41,1393000
1354,5/22/2017,941.86,934.01,7.85,0.84,1120400
1355,5/23/2017,948.82,941.86,6.96,0.74,1270800
1356,5/24/2017,954.96,948.82,6.14,0.65,1024800
1357,5/25/2017,969.54,954.96,14.58,1.53,1660500
1358,5/26/2017,971.47,969.54,1.93,0.2,1252000
1359,5/30/2017,975.88,971.47,4.41,0.45,1466700
1360,5/31/2017,964.86,975.88,-11.02,-1.13,2448100
1361,6/1/2017,966.95,964.86,2.09,0.22,1410500
1362,6/2/2017,975.6,966.95,8.65,0.89,1751000
1363,6/5/2017,983.68,975.6,8.08,0.83,1252100
1364,6/6/2017,976.57,983.68,-7.11,-0.72,1814600
1365,6/7/2017,980.94,976.57,4.37,0.45,1453900
1366,6/8/2017,983.41,980.94,2.47,0.25,1481900
1367,6/9/2017,949.83,983.41,-33.58,-3.41,3309400
1368,6/12/2017,942.9,949.83,-6.93,-0.73,3763500
1369,6/13/2017,953.4,942.9,10.5,1.11,2013300
1370,6/14/2017,950.76,953.4,-2.64,-0.28,1489700
1371,6/15/2017,942.31,950.76,-8.45,-0.89,2133100
1372,6/16/2017,939.78,942.31,-2.53,-0.27,3094700
1373,6/19/2017,957.37,939.78,17.59,1.87,1533300
1374,6/20/2017,950.63,957.37,-6.74,-0.7,1126000
1375,6/21/2017,959.45,950.63,8.82,0.93,1202200
1376,6/22/2017,957.09,959.45,-2.36,-0.25,941400
1377,6/23/2017,965.59,957.09,8.5,0.89,1527900
1378,6/26/2017,952.27,965.59,-13.32,-1.38,1598400
1379,6/27/2017,927.33,952.27,-24.94,-2.62,2579900
1380,6/28/2017,940.49,927.33,13.16,1.42,2721400
1381,6/29/2017,917.79,940.49,-22.7,-2.41,3299200
1382,6/30/2017,908.73,917.79,-9.06,-0.99,2090200
1383,7/3/2017,898.7,908.73,-10.03,-1.1,1709800
1384,7/5/2017,911.71,898.7,13.01,1.45,1813900
1385,7/6/2017,906.69,911.71,-5.02,-0.55,1424500
1386,7/7/2017,918.59,906.69,11.9,1.31,1637800
1387,7/10/2017,928.8,918.59,10.21,1.11,1192800
1388,7/11/2017,930.09,928.8,1.29,0.14,1113200
1389,7/12/2017,943.83,930.09,13.74,1.48,1532100
1390,7/13/2017,947.16,943.83,3.33,0.35,1294700
1391,7/14/2017,955.99,947.16,8.83,0.93,1053800
1392,7/17/2017,953.42,955.99,-2.57,-0.27,1165500
1393,7/18/2017,965.4,953.42,11.98,1.26,1154000
1394,7/19/2017,970.89,965.4,5.49,0.57,1224500
1395,7/20/2017,968.15,970.89,-2.74,-0.28,1624500
1396,7/21/2017,972.92,968.15,4.77,0.49,1711000
1397,7/24/2017,980.34,972.92,7.42,0.76,3248300
1398,7/25/2017,950.7,980.34,-29.64,-3.02,4661000
1399,7/26/2017,947.8,950.7,-2.9,-0.31,2088300
1400,7/27/2017,934.09,947.8,-13.71,-1.45,3213000
1401,7/28/2017,941.53,934.09,7.44,0.8,1846400
1402,7/31/2017,930.5,941.53,-11.03,-1.17,1970100
1403,8/1/2017,930.83,930.5,0.33,0.04,1277700
1404,8/2/2017,930.39,930.83,-0.44,-0.05,1824400
1405,8/3/2017,923.65,930.39,-6.74,-0.72,1202500
1406,8/4/2017,927.96,923.65,4.31,0.47,1082300
1407,8/7/2017,929.36,927.96,1.4,0.15,1032200
1408,8/8/2017,926.79,929.36,-2.57,-0.28,1061600
1409,8/9/2017,922.9,926.79,-3.89,-0.42,1192100
1410,8/10/2017,907.24,922.9,-15.66,-1.7,1824000
1411,8/11/2017,914.39,907.24,7.15,0.79,1206800
1412,8/14/2017,922.67,914.39,8.28,0.91,1064500
1413,8/15/2017,922.22,922.67,-0.45,-0.05,883400
1414,8/16/2017,926.96,922.22,4.74,0.51,1006700
1415,8/17/2017,910.98,926.96,-15.98,-1.72,1277200
1416,8/18/2017,910.67,910.98,-0.31,-0.03,1342700
1417,8/21/2017,906.66,910.67,-4.01,-0.44,943400
1418,8/22/2017,924.69,906.66,18.03,1.99,1166700
1419,8/23/2017,927,924.69,2.31,0.25,1090200
1420,8/24/2017,921.28,927,-5.72,-0.62,1270300
1421,8/25/2017,915.89,921.28,-5.39,-0.59,1053400
1422,8/28/2017,913.81,915.89,-2.08,-0.23,1086500
1423,8/29/2017,921.29,913.81,7.48,0.82,1185600
1424,8/30/2017,929.57,921.29,8.28,0.9,1301200
1425,8/31/2017,939.33,929.57,9.76,1.05,1582600
1426,9/1/2017,937.34,939.33,-1.99,-0.21,947400
1427,9/5/2017,928.45,937.34,-8.89,-0.95,1326400
1428,9/6/2017,927.81,928.45,-0.64,-0.07,1527700
1429,9/7/2017,935.95,927.81,8.14,0.88,1212700
1430,9/8/2017,926.5,935.95,-9.45,-1.01,1011500
1431,9/11/2017,929.08,926.5,2.58,0.28,1267000
1432,9/12/2017,932.07,929.08,2.99,0.32,1134400
1433,9/13/2017,935.09,932.07,3.02,0.32,1102600
1434,9/14/2017,925.11,935.09,-9.98,-1.07,1397600
1435,9/15/2017,920.29,925.11,-4.82,-0.52,2505400
1436,9/18/2017,915,920.29,-5.29,-0.57,1306900
1437,9/19/2017,921.81,915,6.81,0.74,936700
1438,9/20/2017,931.58,921.81,9.77,1.06,1669800
1439,9/21/2017,932.45,931.58,0.87,0.09,1290600
1440,9/22/2017,928.53,932.45,-3.92,-0.42,1052700
1441,9/25/2017,920.97,928.53,-7.56,-0.81,1856800
1442,9/26/2017,924.86,920.97,3.89,0.42,1666900
1443,9/27/2017,944.49,924.86,19.63,2.12,2239400
1444,9/28/2017,949.5,944.49,5.01,0.53,1020300
1445,9/29/2017,959.11,949.5,9.61,1.01,1581000
1446,10/2/2017,953.27,959.11,-5.84,-0.61,1283400
1447,10/3/2017,957.79,953.27,4.52,0.47,888300
1448,10/4/2017,951.68,957.79,-6.11,-0.64,952400
1449,10/5/2017,969.96,951.68,18.28,1.92,1213800
1450,10/6/2017,978.89,969.96,8.93,0.92,1173900
1451,10/9/2017,977,978.89,-1.89,-0.19,891400
1452,10/10/2017,972.6,977,-4.4,-0.45,968400
1453,10/11/2017,989.25,972.6,16.65,1.71,1693300
1454,10/12/2017,987.83,989.25,-1.42,-0.14,1262400
1455,10/13/2017,989.68,987.83,1.85,0.19,1169800
1456,10/16/2017,992,989.68,2.32,0.23,910500
1457,10/17/2017,992.18,992,0.18,0.02,1290200
1458,10/18/2017,992.81,992.18,0.63,0.06,1057600
1459,10/19/2017,984.45,992.81,-8.36,-0.84,1313600
1460,10/20/2017,988.2,984.45,3.75,0.38,1183200
1461,10/23/2017,968.45,988.2,-19.75,-2,1478400
1462,10/24/2017,970.54,968.45,2.09,0.22,1212200
1463,10/25/2017,973.33,970.54,2.79,0.29,1211300
1464,10/26/2017,972.56,973.33,-0.77,-0.08,2042100
1465,10/27/2017,1019.27,972.56,46.71,4.8,5167700
1466,10/30/2017,1017.11,1019.27,-2.16,-0.21,2085100
1467,10/31/2017,1016.64,1017.11,-0.47,-0.05,1330700
1468,11/1/2017,1025.5,1016.64,8.86,0.87,1373400
1469,11/2/2017,1025.58,1025.5,0.08,0.01,1049000
1470,11/3/2017,1032.48,1025.58,6.9,0.67,1076400
1471,11/6/2017,1025.9,1032.48,-6.58,-0.64,1125200
1472,11/7/2017,1033.33,1025.9,7.43,0.72,1112300
1473,11/8/2017,1039.85,1033.33,6.52,0.63,1088700
1474,11/9/2017,1031.26,1039.85,-8.59,-0.83,1245200
1475,11/10/2017,1028.07,1031.26,-3.19,-0.31,720000
1476,11/13/2017,1025.75,1028.07,-2.32,-0.23,885800
1477,11/14/2017,1026,1025.75,0.25,0.02,959200
1478,11/15/2017,1020.91,1026,-5.09,-0.5,854000
1479,11/16/2017,1032.5,1020.91,11.59,1.14,1129700
1480,11/17/2017,1019.09,1032.5,-13.41,-1.3,1397100
1481,11/20/2017,1018.38,1019.09,-0.71,-0.07,953500
1482,11/21/2017,1034.49,1018.38,16.11,1.58,1097000
1483,11/22/2017,1035.96,1034.49,1.47,0.14,746300
1484,11/24/2017,1040.61,1035.96,4.65,0.45,537000
1485,11/27/2017,1054.21,1040.61,13.6,1.31,1307900
1486,11/28/2017,1047.41,1054.21,-6.8,-0.65,1424400
1487,11/29/2017,1021.66,1047.41,-25.75,-2.46,2459400
1488,11/30/2017,1021.41,1021.66,-0.25,-0.02,1724000
1489,12/1/2017,1010.17,1021.41,-11.24,-1.1,1909600
1490,12/4/2017,998.68,1010.17,-11.49,-1.14,1906400
1491,12/5/2017,1005.15,998.68,6.47,0.65,2067300
1492,12/6/2017,1018.38,1005.15,13.23,1.32,1272000
1493,12/7/2017,1030.93,1018.38,12.55,1.23,1458200
1494,12/8/2017,1037.05,1030.93,6.12,0.59,1290800
1495,12/11/2017,1041.1,1037.05,4.05,0.39,1192800
1496,12/12/2017,1040.48,1041.1,-0.62,-0.06,1279500
1497,12/13/2017,1040.61,1040.48,0.13,0.01,1282700
1498,12/14/2017,1049.15,1040.61,8.54,0.82,1558700
1499,12/15/2017,1064.19,1049.15,15.04,1.43,3275900
1500,12/18/2017,1077.14,1064.19,12.95,1.22,1554600
1501,12/19/2017,1070.68,1077.14,-6.46,-0.6,1338700
1502,12/20/2017,1064.95,1070.68,-5.73,-0.54,1268600
1503,12/21/2017,1063.63,1064.95,-1.32,-0.12,995700
1504,12/22/2017,1060.12,1063.63,-3.51,-0.33,755100
1505,12/26/2017,1056.74,1060.12,-3.38,-0.32,760600
1506,12/27/2017,1049.37,1056.74,-7.37,-0.7,1271900
1507,12/28/2017,1048.14,1049.37,-1.23,-0.12,837100
1508,12/29/2017,1046.4,1048.14,-1.74,-0.17,887500
1509,1/2/2018,1065,1046.4,18.6,1.78,1237600
1510,1/3/2018,1082.48,1065,17.48,1.64,1430200
1511,1/4/2018,1086.4,1082.48,3.92,0.36,1004600
1512,1/5/2018,1102.23,1086.4,15.83,1.46,1279100
1513,1/8/2018,1106.94,1102.23,4.71,0.43,1047600
1514,1/9/2018,1106.26,1106.94,-0.68,-0.06,902500
1515,1/10/2018,1102.61,1106.26,-3.65,-0.33,1042800
1516,1/11/2018,1105.52,1102.61,2.91,0.26,978300
1517,1/12/2018,1122.26,1105.52,16.74,1.51,1720500
1518,1/16/2018,1121.76,1122.26,-0.5,-0.04,1575300
1519,1/17/2018,1131.98,1121.76,10.22,0.91,1202600
1520,1/18/2018,1129.79,1131.98,-2.19,-0.19,1198200
1521,1/19/2018,1137.51,1129.79,7.72,0.68,1778200
1522,1/22/2018,1155.81,1137.51,18.3,1.61,1618000
1523,1/23/2018,1169.97,1155.81,14.16,1.23,1333100
1524,1/24/2018,1164.24,1169.97,-5.73,-0.49,1416600
1525,1/25/2018,1170.37,1164.24,6.13,0.53,1480500
1526,1/26/2018,1175.84,1170.37,5.47,0.47,2018800
1527,1/29/2018,1175.58,1175.84,-0.26,-0.02,1378900
1528,1/30/2018,1163.69,1175.58,-11.89,-1.01,1556300
1529,1/31/2018,1169.94,1163.69,6.25,0.54,1538700
1530,2/1/2018,1167.7,1169.94,-2.24,-0.19,2412100
1531,2/2/2018,1111.9,1167.7,-55.8,-4.78,4857900
1532,2/5/2018,1055.8,1111.9,-56.1,-5.05,3798300
1533,2/6/2018,1080.6,1055.8,24.8,2.35,3448000
1534,2/7/2018,1048.58,1080.6,-32.02,-2.96,2369200
1535,2/8/2018,1001.52,1048.58,-47.06,-4.49,2859100
1536,2/9/2018,1037.78,1001.52,36.26,3.62,3505900
1537,2/12/2018,1051.94,1037.78,14.16,1.36,2057700
1538,2/13/2018,1052.1,1051.94,0.16,0.02,1265100
1539,2/14/2018,1069.7,1052.1,17.6,1.67,1555800
1540,2/15/2018,1089.52,1069.7,19.82,1.85,1843400
1541,2/16/2018,1094.8,1089.52,5.28,0.48,1679500
1542,2/20/2018,1102.46,1094.8,7.66,0.7,1423100
1543,2/21/2018,1111.34,1102.46,8.88,0.81,1512900
1544,2/22/2018,1106.63,1111.34,-4.71,-0.42,1317200
1545,2/23/2018,1126.79,1106.63,20.16,1.82,1261000
1546,2/26/2018,1143.75,1126.79,16.96,1.51,1559100
1547,2/27/2018,1118.29,1143.75,-25.46,-2.23,1774100
1548,2/28/2018,1104.73,1118.29,-13.56,-1.21,1882600
1549,3/1/2018,1069.52,1104.73,-35.21,-3.19,2515900
1550,3/2/2018,1078.92,1069.52,9.4,0.88,2271600
1551,3/5/2018,1090.93,1078.92,12.01,1.11,1202200
1552,3/6/2018,1095.06,1090.93,4.13,0.38,1532800
1553,3/7/2018,1109.64,1095.06,14.58,1.33,1292500
1554,3/8/2018,1126,1109.64,16.36,1.47,1355100
1555,3/9/2018,1160.04,1126,34.04,3.02,2128000
1556,3/12/2018,1164.5,1160.04,4.46,0.38,2172300
1557,3/13/2018,1138.17,1164.5,-26.33,-2.26,1907200
1558,3/14/2018,1149.49,1138.17,11.32,0.99,1291400
1559,3/15/2018,1149.58,1149.49,0.09,0.01,1395400
1560,3/16/2018,1135.73,1149.58,-13.85,-1.2,3092000
1561,3/19/2018,1099.82,1135.73,-35.91,-3.16,2805900
1562,3/20/2018,1097.71,1099.82,-2.11,-0.19,1831900
1563,3/21/2018,1090.88,1097.71,-6.83,-0.62,1878900
1564,3/22/2018,1049.08,1090.88,-41.8,-3.83,2667000
1565,3/23/2018,1021.57,1049.08,-27.51,-2.62,2156700
1566,3/26/2018,1053.21,1021.57,31.64,3.1,2665100
1567,3/27/2018,1005.1,1053.21,-48.11,-4.57,3095300
1568,3/28/2018,1004.56,1005.1,-0.54,-0.05,3369300
1569,3/29/2018,1031.79,1004.56,27.23,2.71,2726800
1570,4/2/2018,1006.47,1031.79,-25.32,-2.45,2680400
1571,4/3/2018,1013.41,1006.47,6.94,0.69,2275100
1572,4/4/2018,1025.14,1013.41,11.73,1.16,2484700
1573,4/5/2018,1027.81,1025.14,2.67,0.26,1363000
1574,4/6/2018,1007.04,1027.81,-20.77,-2.02,1746400
1575,4/9/2018,1015.45,1007.04,8.41,0.84,1751600
1576,4/10/2018,1031.64,1015.45,16.19,1.59,1974500
1577,4/11/2018,1019.97,1031.64,-11.67,-1.13,1483900
1578,4/12/2018,1032.51,1019.97,12.54,1.23,1357000
1579,4/13/2018,1029.27,1032.51,-3.24,-0.31,1223000
1580,4/16/2018,1037.98,1029.27,8.71,0.85,1211200
1581,4/17/2018,1074.16,1037.98,36.18,3.49,2320300
1582,4/18/2018,1072.08,1074.16,-2.08,-0.19,1344100
1583,4/19/2018,1087.7,1072.08,15.62,1.46,1747700
1584,4/20/2018,1072.96,1087.7,-14.74,-1.36,1889700
1585,4/23/2018,1067.45,1072.96,-5.51,-0.51,2341300
1586,4/24/2018,1019.98,1067.45,-47.47,-4.45,4760300
1587,4/25/2018,1021.18,1019.98,1.2,0.12,2391100
1588,4/26/2018,1040.04,1021.18,18.86,1.85,2079500
1589,4/27/2018,1030.05,1040.04,-9.99,-0.96,1619800
1590,4/30/2018,1017.33,1030.05,-12.72,-1.23,1671300
1591,5/1/2018,1037.31,1017.33,19.98,1.96,1427900
1592,5/2/2018,1024.38,1037.31,-12.93,-1.25,1603100
1593,5/3/2018,1023.72,1024.38,-0.66,-0.06,1815100
1594,5/4/2018,1048.21,1023.72,24.49,2.39,1938700
1595,5/7/2018,1054.79,1048.21,6.58,0.63,1466100
1596,5/8/2018,1053.91,1054.79,-0.88,-0.08,1217700
1597,5/9/2018,1082.76,1053.91,28.85,2.74,2032800
1598,5/10/2018,1097.57,1082.76,14.81,1.37,1443000
1599,5/11/2018,1098.26,1097.57,0.69,0.06,1253700
1600,5/14/2018,1100.2,1098.26,1.94,0.18,1518100
1601,5/15/2018,1079.23,1100.2,-20.97,-1.91,1494900
1602,5/16/2018,1081.77,1079.23,2.54,0.24,1097300
1603,5/17/2018,1078.59,1081.77,-3.18,-0.29,1043800
1604,5/18/2018,1066.36,1078.59,-12.23,-1.13,1565200
1605,5/21/2018,1079.58,1066.36,13.22,1.24,1023200
1606,5/22/2018,1069.73,1079.58,-9.85,-0.91,1090000
1607,5/23/2018,1079.69,1069.73,9.96,0.93,1060700
1608,5/24/2018,1079.24,1079.69,-0.45,-0.04,766800
1609,5/25/2018,1075.66,1079.24,-3.58,-0.33,899400
1610,5/29/2018,1060.32,1075.66,-15.34,-1.43,1865100
1611,5/30/2018,1067.8,1060.32,7.48,0.71,1138500
1612,5/31/2018,1084.99,1067.8,17.19,1.61,3088300
1613,6/1/2018,1119.5,1084.99,34.51,3.18,2421600
1614,6/4/2018,1139.29,1119.5,19.79,1.77,1889600
1615,6/5/2018,1139.66,1139.29,0.37,0.03,1678000
1616,6/6/2018,1136.88,1139.66,-2.78,-0.24,1698200
1617,6/7/2018,1123.86,1136.88,-13.02,-1.15,1520000
1618,6/8/2018,1120.87,1123.86,-2.99,-0.27,1290800
1619,6/11/2018,1129.99,1120.87,9.12,0.81,1079300
1620,6/12/2018,1139.32,1129.99,9.33,0.83,912000
1621,6/13/2018,1134.79,1139.32,-4.53,-0.4,1506400
1622,6/14/2018,1152.12,1134.79,17.33,1.53,1343400
1623,6/15/2018,1152.26,1152.12,0.14,0.01,2122500
1624,6/18/2018,1173.46,1152.26,21.2,1.84,1413700
1625,6/19/2018,1168.06,1173.46,-5.4,-0.46,1621000
1626,6/20/2018,1169.84,1168.06,1.78,0.15,1648500
1627,6/21/2018,1157.66,1169.84,-12.18,-1.04,1238100
1628,6/22/2018,1155.48,1157.66,-2.18,-0.19,1311000
1629,6/25/2018,1124.81,1155.48,-30.67,-2.65,2157300
1630,6/26/2018,1118.46,1124.81,-6.35,-0.56,1563200
1631,6/27/2018,1103.98,1118.46,-14.48,-1.29,1293900
1632,6/28/2018,1114.22,1103.98,10.24,0.93,1072400
1633,6/29/2018,1115.65,1114.22,1.43,0.13,1315100
1634,7/2/2018,1127.46,1115.65,11.81,1.06,1217300
1635,7/3/2018,1102.89,1127.46,-24.57,-2.18,679000
1636,7/5/2018,1124.27,1102.89,21.38,1.94,1066700
1637,7/6/2018,1140.17,1124.27,15.9,1.41,996100
1638,7/9/2018,1154.05,1140.17,13.88,1.22,909000
1639,7/10/2018,1152.84,1154.05,-1.21,-0.1,798400
1640,7/11/2018,1153.9,1152.84,1.06,0.09,1120000
1641,7/12/2018,1183.48,1153.9,29.58,2.56,1251900
1642,7/13/2018,1188.82,1183.48,5.34,0.45,1221900
1643,7/16/2018,1183.86,1188.82,-4.96,-0.42,1055700
1644,7/17/2018,1198.8,1183.86,14.94,1.26,1610400
1645,7/18/2018,1195.88,1198.8,-2.92,-0.24,1393600
1646,7/19/2018,1186.96,1195.88,-8.92,-0.75,1276700
1647,7/20/2018,1184.91,1186.96,-2.05,-0.17,1247400
1648,7/23/2018,1205.5,1184.91,20.59,1.74,2619200
1649,7/24/2018,1248.08,1205.5,42.58,3.53,3318200
1650,7/25/2018,1263.7,1248.08,15.62,1.25,2127800
1651,7/26/2018,1268.33,1263.7,4.63,0.37,2405600
1652,7/27/2018,1238.5,1268.33,-29.83,-2.35,2130600
1653,7/30/2018,1219.74,1238.5,-18.76,-1.51,1849900
1654,7/31/2018,1217.26,1219.74,-2.48,-0.2,1644700
1655,8/1/2018,1220.01,1217.26,2.75,0.23,1567200
1656,8/2/2018,1226.15,1220.01,6.14,0.5,1531300
1657,8/3/2018,1223.71,1226.15,-2.44,-0.2,1089600
1658,8/6/2018,1224.77,1223.71,1.06,0.09,1081700
1659,8/7/2018,1242.22,1224.77,17.45,1.42,1494000
1660,8/8/2018,1245.61,1242.22,3.39,0.27,1370300
1661,8/9/2018,1249.1,1245.61,3.49,0.28,848600
1662,8/10/2018,1237.61,1249.1,-11.49,-0.92,1108700
1663,8/13/2018,1235.01,1237.61,-2.6,-0.21,997300
1664,8/14/2018,1242.1,1235.01,7.09,0.57,1348100
1665,8/15/2018,1214.38,1242.1,-27.72,-2.23,1828800
1666,8/16/2018,1206.49,1214.38,-7.89,-0.65,1343200
1667,8/17/2018,1200.96,1206.49,-5.53,-0.46,1389600
1668,8/20/2018,1207.77,1200.96,6.81,0.57,870800
1669,8/21/2018,1201.62,1207.77,-6.15,-0.51,1205600
1670,8/22/2018,1207.33,1201.62,5.71,0.48,887400
1671,8/23/2018,1205.38,1207.33,-1.95,-0.16,992600
1672,8/24/2018,1220.65,1205.38,15.27,1.27,946600
1673,8/27/2018,1241.82,1220.65,21.17,1.73,1156300
1674,8/28/2018,1231.15,1241.82,-10.67,-0.86,1304000
1675,8/29/2018,1249.3,1231.15,18.15,1.47,1298900
1676,8/30/2018,1239.12,1249.3,-10.18,-0.81,1331400
1677,8/31/2018,1218.19,1239.12,-20.93,-1.69,1816400
1678,9/4/2018,1197,1218.19,-21.19,-1.74,1831000
1679,9/5/2018,1186.48,1197,-10.52,-0.88,2061300
1680,9/6/2018,1171.44,1186.48,-15.04,-1.27,1888500
1681,9/7/2018,1164.83,1171.44,-6.61,-0.56,1401300
1682,9/10/2018,1164.64,1164.83,-0.19,-0.02,1115400
1683,9/11/2018,1177.36,1164.64,12.72,1.09,1209300
1684,9/12/2018,1162.82,1177.36,-14.54,-1.23,1295500
1685,9/13/2018,1175.33,1162.82,12.51,1.08,1431200
1686,9/14/2018,1172.53,1175.33,-2.8,-0.24,944000
1687,9/17/2018,1156.05,1172.53,-16.48,-1.41,1306500
1688,9/18/2018,1161.22,1156.05,5.17,0.45,1203600
1689,9/19/2018,1171.09,1161.22,9.87,0.85,1191400
1690,9/20/2018,1186.87,1171.09,15.78,1.35,1225400
1691,9/21/2018,1166.09,1186.87,-20.78,-1.75,4405600
1692,9/24/2018,1173.37,1166.09,7.28,0.62,1271000
1693,9/25/2018,1184.65,1173.37,11.28,0.96,977700
1694,9/26/2018,1180.49,1184.65,-4.16,-0.35,1462300
1695,9/27/2018,1194.64,1180.49,14.15,1.2,1260800
1696,9/28/2018,1193.47,1194.64,-1.17,-0.1,1380600
1697,10/1/2018,1195.31,1193.47,1.84,0.15,1357600
1698,10/2/2018,1200.11,1195.31,4.8,0.4,1687900
1699,10/3/2018,1202.95,1200.11,2.84,0.24,1256200
1700,10/4/2018,1168.19,1202.95,-34.76,-2.89,2209500
1701,10/5/2018,1157.35,1168.19,-10.84,-0.93,1184300
1702,10/8/2018,1148.97,1157.35,-8.38,-0.72,1932400
1703,10/9/2018,1138.82,1148.97,-10.15,-0.88,1308700
1704,10/10/2018,1081.22,1138.82,-57.6,-5.06,2675700
1705,10/11/2018,1079.32,1081.22,-1.9,-0.18,2949000
1706,10/12/2018,1110.08,1079.32,30.76,2.85,2101300
1707,10/15/2018,1092.25,1110.08,-17.83,-1.61,1372400
1708,10/16/2018,1121.28,1092.25,29.03,2.66,1928500
1709,10/17/2018,1115.69,1121.28,-5.59,-0.5,1467200
1710,10/18/2018,1087.97,1115.69,-27.72,-2.48,2094500
1711,10/19/2018,1096.46,1087.97,8.49,0.78,1267600
1712,10/22/2018,1101.16,1096.46,4.7,0.43,1514200
1713,10/23/2018,1103.69,1101.16,2.53,0.23,1848700
1714,10/24/2018,1050.71,1103.69,-52.98,-4.8,1982400
1715,10/25/2018,1095.57,1050.71,44.86,4.27,2545800
1716,10/26/2018,1071.47,1095.57,-24.1,-2.2,4187600
1717,10/29/2018,1020.08,1071.47,-51.39,-4.8,3880700
1718,10/30/2018,1036.21,1020.08,16.13,1.58,3212700
1719,10/31/2018,1076.77,1036.21,40.56,3.91,2529800
1720,11/1/2018,1070,1076.77,-6.77,-0.63,1482000
1721,11/2/2018,1057.79,1070,-12.21,-1.14,1839000
1722,11/5/2018,1040.09,1057.79,-17.7,-1.67,2441400
1723,11/6/2018,1055.81,1040.09,15.72,1.51,1233300
1724,11/7/2018,1093.39,1055.81,37.58,3.56,2058400
1725,11/8/2018,1082.4,1093.39,-10.99,-1.01,1488200
1726,11/9/2018,1066.15,1082.4,-16.25,-1.5,1343200
1727,11/12/2018,1038.63,1066.15,-27.52,-2.58,1471800
1728,11/13/2018,1036.05,1038.63,-2.58,-0.25,1513700
1729,11/14/2018,1043.66,1036.05,7.61,0.73,1565900
1730,11/15/2018,1064.71,1043.66,21.05,2.02,1836100
1731,11/16/2018,1061.49,1064.71,-3.22,-0.3,1658100
1732,11/19/2018,1020,1061.49,-41.49,-3.91,1858600
1733,11/20/2018,1025.76,1020,5.76,0.56,2449100
1734,11/21/2018,1037.61,1025.76,11.85,1.16,1534300
1735,11/23/2018,1023.88,1037.61,-13.73,-1.32,691500
1736,11/26/2018,1048.62,1023.88,24.74,2.42,1942800
1737,11/27/2018,1044.41,1048.62,-4.21,-0.4,1803200
1738,11/28/2018,1086.23,1044.41,41.82,4,2475400
1739,11/29/2018,1088.3,1086.23,2.07,0.19,1468900
1740,11/30/2018,1094.43,1088.3,6.13,0.56,2580200
1741,12/3/2018,1106.43,1094.43,12,1.1,1991200
1742,12/4/2018,1050.82,1106.43,-55.61,-5.03,2345200
1743,12/6/2018,1068.73,1050.82,17.91,1.7,2769200
1744,12/7/2018,1036.58,1068.73,-32.15,-3.01,2101200
1745,12/10/2018,1039.55,1036.58,2.97,0.29,1807700
1746,12/11/2018,1051.75,1039.55,12.2,1.17,1394700
1747,12/12/2018,1063.68,1051.75,11.93,1.13,1523800
1748,12/13/2018,1061.9,1063.68,-1.78,-0.17,1329800
1749,12/14/2018,1042.1,1061.9,-19.8,-1.86,1686600
1750,12/17/2018,1016.53,1042.1,-25.57,-2.45,2385400
1751,12/18/2018,1028.71,1016.53,12.18,1.2,2192500
1752,12/19/2018,1023.01,1028.71,-5.7,-0.55,2479300
1753,12/20/2018,1009.41,1023.01,-13.6,-1.33,2673500
1754,12/21/2018,979.54,1009.41,-29.87,-2.96,4596000
1755,12/24/2018,976.22,979.54,-3.32,-0.34,1590300
1756,12/26/2018,1039.46,976.22,63.24,6.48,2373300
1757,12/27/2018,1043.88,1039.46,4.42,0.43,2109800
1758,12/28/2018,1037.08,1043.88,-6.8,-0.65,1414800
1759,12/31/2018,1035.61,1037.08,-1.47,-0.14,1493300
1760,1/2/2019,1045.85,1035.61,10.24,0.99,1532600
1761,1/3/2019,1016.06,1045.85,-29.79,-2.85,1841100
1762,1/4/2019,1070.71,1016.06,54.65,5.38,2093900
1763,1/7/2019,1068.39,1070.71,-2.32,-0.22,1981900
1764,1/8/2019,1076.28,1068.39,7.89,0.74,1764900
1765,1/9/2019,1074.66,1076.28,-1.62,-0.15,1199300
1766,1/10/2019,1070.33,1074.66,-4.33,-0.4,1456400
1767,1/11/2019,1057.19,1070.33,-13.14,-1.23,1520800
1768,1/14/2019,1044.69,1057.19,-12.5,-1.18,1144300
1769,1/15/2019,1077.15,1044.69,32.46,3.11,1463600
1770,1/16/2019,1080.97,1077.15,3.82,0.35,1331800
1771,1/17/2019,1089.9,1080.97,8.93,0.83,1242700
1772,1/18/2019,1098.26,1089.9,8.36,0.77,1955600
1773,1/22/2019,1070.52,1098.26,-27.74,-2.53,1613500
1774,1/23/2019,1075.57,1070.52,5.05,0.47,967000
1775,1/24/2019,1073.9,1075.57,-1.67,-0.16,1361300
1776,1/25/2019,1090.99,1073.9,17.09,1.59,1119100
1777,1/28/2019,1070.08,1090.99,-20.91,-1.92,1284300
1778,1/29/2019,1060.62,1070.08,-9.46,-0.88,1021800
1779,1/30/2019,1089.06,1060.62,28.44,2.68,1279800
1780,1/31/2019,1116.37,1089.06,27.31,2.51,1538300
1781,2/1/2019,1110.75,1116.37,-5.62,-0.5,1462200
1782,2/4/2019,1132.8,1110.75,22.05,1.99,2576500
1783,2/5/2019,1145.99,1132.8,13.19,1.16,3552200
1784,2/6/2019,1115.23,1145.99,-30.76,-2.68,2105600
1785,2/7/2019,1098.71,1115.23,-16.52,-1.48,2044800
1786,2/8/2019,1095.06,1098.71,-3.65,-0.33,1075800
1787,2/11/2019,1095.01,1095.06,-0.05,0,1065200
1788,2/12/2019,1121.37,1095.01,26.36,2.41,1609100
1789,2/13/2019,1120.16,1121.37,-1.21,-0.11,1049800
1790,2/14/2019,1121.67,1120.16,1.51,0.13,947600
1791,2/15/2019,1113.65,1121.67,-8.02,-0.72,1449800
1792,2/19/2019,1118.56,1113.65,4.91,0.44,1046400
1793,2/20/2019,1113.8,1118.56,-4.76,-0.43,1087800
1794,2/21/2019,1096.97,1113.8,-16.83,-1.51,1415100
1795,2/22/2019,1110.37,1096.97,13.4,1.22,1049500
1796,2/25/2019,1109.4,1110.37,-0.97,-0.09,1413100
1797,2/26/2019,1115.13,1109.4,5.73,0.52,1471300
1798,2/27/2019,1116.05,1115.13,0.92,0.08,968400
1799,2/28/2019,1119.92,1116.05,3.87,0.35,1542500
1800,3/1/2019,1140.99,1119.92,21.07,1.88,1450300
1801,3/4/2019,1147.8,1140.99,6.81,0.6,1446000
1802,3/5/2019,1162.03,1147.8,14.23,1.24,1443200
1803,3/6/2019,1157.86,1162.03,-4.17,-0.36,1099300
1804,3/7/2019,1143.3,1157.86,-14.56,-1.26,1166600
1805,3/8/2019,1142.32,1143.3,-0.98,-0.09,1212400
1806,3/11/2019,1175.76,1142.32,33.44,2.93,1719200
1807,3/12/2019,1193.2,1175.76,17.44,1.48,2013100
1808,3/13/2019,1193.32,1193.2,0.12,0.01,1435900
1809,3/14/2019,1185.55,1193.32,-7.77,-0.65,1172800
1810,3/15/2019,1184.46,1185.55,-1.09,-0.09,2461800
1811,3/18/2019,1184.26,1184.46,-0.2,-0.02,1292600
1812,3/19/2019,1198.85,1184.26,14.59,1.23,1520700
1813,3/20/2019,1223.97,1198.85,25.12,2.1,2227400
1814,3/21/2019,1231.54,1223.97,7.57,0.62,1204000
1815,3/22/2019,1205.5,1231.54,-26.04,-2.11,1714200
1816,3/25/2019,1193,1205.5,-12.5,-1.04,1496800
1817,3/26/2019,1184.62,1193,-8.38,-0.7,1901200
1818,3/27/2019,1173.02,1184.62,-11.6,-0.98,1400200
1819,3/28/2019,1168.49,1173.02,-4.53,-0.39,961700
1820,3/29/2019,1173.31,1168.49,4.82,0.41,1269900
1821,4/1/2019,1194.43,1173.31,21.12,1.8,1252500
1822,4/2/2019,1200.49,1194.43,6.06,0.51,827900
1823,4/3/2019,1205.92,1200.49,5.43,0.45,1014300
1824,4/4/2019,1215,1205.92,9.08,0.75,950000
1825,4/5/2019,1207.15,1215,-7.85,-0.65,907200
1826,4/8/2019,1203.84,1207.15,-3.31,-0.27,860200
1827,4/9/2019,1197.25,1203.84,-6.59,-0.55,876400
1828,4/10/2019,1202.16,1197.25,4.91,0.41,724600
1829,4/11/2019,1204.62,1202.16,2.46,0.2,710200
1830,4/12/2019,1217.87,1204.62,13.25,1.1,933400
1831,4/15/2019,1221.1,1217.87,3.23,0.27,1187400
1832,4/16/2019,1227.13,1221.1,6.03,0.49,856300
1833,4/17/2019,1236.34,1227.13,9.21,0.75,1221900
1834,4/18/2019,1236.37,1236.34,0.03,0,1331800
1835,4/22/2019,1248.84,1236.37,12.47,1.01,807300
1836,4/23/2019,1264.55,1248.84,15.71,1.26,1319900
1837,4/24/2019,1256,1264.55,-8.55,-0.68,1018800
1838,4/25/2019,1263.45,1256,7.45,0.59,1107300
1839,4/26/2019,1272.18,1263.45,8.73,0.69,1241400
1840,4/29/2019,1287.58,1272.18,15.4,1.21,2499400
1841,4/30/2019,1188.48,1287.58,-99.1,-7.7,6207000
1842,5/1/2019,1168.08,1188.48,-20.4,-1.72,2639200
1843,5/2/2019,1162.61,1168.08,-5.47,-0.47,1944800
1844,5/3/2019,1185.4,1162.61,22.79,1.96,1980700
1845,5/6/2019,1189.39,1185.4,3.99,0.34,1563900
1846,5/7/2019,1174.1,1189.39,-15.29,-1.29,1551400
1847,5/8/2019,1166.27,1174.1,-7.83,-0.67,1309300
1848,5/9/2019,1162.38,1166.27,-3.89,-0.33,1185700
1849,5/10/2019,1164.27,1162.38,1.89,0.16,1314500
1850,5/13/2019,1132.03,1164.27,-32.24,-2.77,1860600
1851,5/14/2019,1120.44,1132.03,-11.59,-1.02,1836600
1852,5/15/2019,1164.21,1120.44,43.77,3.91,2289300
1853,5/16/2019,1178.98,1164.21,14.77,1.27,1531400
1854,5/17/2019,1162.3,1178.98,-16.68,-1.41,1208600
1855,5/20/2019,1138.85,1162.3,-23.45,-2.02,1353300
1856,5/21/2019,1149.63,1138.85,10.78,0.95,1159800
1857,5/22/2019,1151.42,1149.63,1.79,0.16,914500
1858,5/23/2019,1140.77,1151.42,-10.65,-0.92,1198900
1859,5/24/2019,1133.47,1140.77,-7.3,-0.64,1112000
1860,5/28/2019,1134.15,1133.47,0.68,0.06,1365000
1861,5/29/2019,1116.46,1134.15,-17.69,-1.56,1538200
1862,5/30/2019,1117.95,1116.46,1.49,0.13,951900
1863,5/31/2019,1103.63,1117.95,-14.32,-1.28,1507800
1864,6/3/2019,1036.23,1103.63,-67.4,-6.11,5130600
1865,6/4/2019,1053.05,1036.23,16.82,1.62,2833500
1866,6/5/2019,1042.22,1053.05,-10.83,-1.03,2168400
1867,6/6/2019,1044.34,1042.22,2.12,0.2,1703200
1868,6/7/2019,1066.04,1044.34,21.7,2.08,1802400
1869,6/10/2019,1080.38,1066.04,14.34,1.35,1464200
1870,6/11/2019,1078.72,1080.38,-1.66,-0.15,1436700
1871,6/12/2019,1077.03,1078.72,-1.69,-0.16,1061000
1872,6/13/2019,1088.77,1077.03,11.74,1.09,1057700
1873,6/14/2019,1085.35,1088.77,-3.42,-0.31,1111500
1874,6/17/2019,1092.5,1085.35,7.15,0.66,941600
1875,6/18/2019,1103.6,1092.5,11.1,1.02,1386700
1876,6/19/2019,1102.33,1103.6,-1.27,-0.12,1338800
1877,6/20/2019,1111.42,1102.33,9.09,0.82,1262000
1878,6/21/2019,1121.88,1111.42,10.46,0.94,1947600
1879,6/24/2019,1115.52,1121.88,-6.36,-0.57,1395600
1880,6/25/2019,1086.35,1115.52,-29.17,-2.61,1546900
1881,6/26/2019,1079.8,1086.35,-6.55,-0.6,1810900
1882,6/27/2019,1076.01,1079.8,-3.79,-0.35,1004300
1883,6/28/2019,1080.91,1076.01,4.9,0.46,1693200
1884,7/1/2019,1097.95,1080.91,17.04,1.58,1436300
1885,7/2/2019,1111.25,1097.95,13.3,1.21,991600
1886,7/3/2019,1121.58,1111.25,10.33,0.93,767000
1887,7/5/2019,1131.59,1121.58,10.01,0.89,1264300
1888,7/8/2019,1116.35,1131.59,-15.24,-1.35,1236400
1889,7/9/2019,1124.83,1116.35,8.48,0.76,1330400
1890,7/10/2019,1140.48,1124.83,15.65,1.39,1209500
1891,7/11/2019,1144.21,1140.48,3.73,0.33,1195500
1892,7/12/2019,1144.9,1144.21,0.69,0.06,864000
1893,7/15/2019,1150.34,1144.9,5.44,0.48,903800
1894,7/16/2019,1153.58,1150.34,3.24,0.28,1238800
1895,7/17/2019,1146.35,1153.58,-7.23,-0.63,1170000
1896,7/18/2019,1146.33,1146.35,-0.02,0,1290700
1897,7/19/2019,1130.1,1146.33,-16.23,-1.42,1647200
1898,7/22/2019,1138.07,1130.1,7.97,0.71,1301500
1899,7/23/2019,1146.21,1138.07,8.14,0.72,1093700
1900,7/24/2019,1137.81,1146.21,-8.4,-0.73,1589800
1901,7/25/2019,1132.12,1137.81,-5.69,-0.5,2209800
1902,7/26/2019,1250.41,1132.12,118.29,10.45,4805800
1903,7/29/2019,1239.41,1250.41,-11,-0.88,2223700
1904,7/30/2019,1225.14,1239.41,-14.27,-1.15,1453300
1905,7/31/2019,1216.68,1225.14,-8.46,-0.69,1725500
1906,8/1/2019,1209.01,1216.68,-7.67,-0.63,1698500
1907,8/2/2019,1193.99,1209.01,-15.02,-1.24,1645100
1908,8/5/2019,1152.32,1193.99,-41.67,-3.49,2597500
1909,8/6/2019,1169.95,1152.32,17.63,1.53,1709400
1910,8/7/2019,1173.99,1169.95,4.04,0.35,1444300
1911,8/8/2019,1204.8,1173.99,30.81,2.62,1468000
1912,8/9/2019,1188.01,1204.8,-16.79,-1.39,1065700
1913,8/12/2019,1174.71,1188.01,-13.3,-1.12,1003000
1914,8/13/2019,1197.27,1174.71,22.56,1.92,1294400
1915,8/14/2019,1164.29,1197.27,-32.98,-2.75,1578700
1916,8/15/2019,1167.26,1164.29,2.97,0.26,1218700
1917,8/16/2019,1177.6,1167.26,10.34,0.89,1313300
1918,8/19/2019,1198.45,1177.6,20.85,1.77,1231600
1919,8/20/2019,1182.69,1198.45,-15.76,-1.32,915500
1920,8/21/2019,1191.25,1182.69,8.56,0.72,740700
1921,8/22/2019,1189.53,1191.25,-1.72,-0.14,947500
1922,8/23/2019,1151.29,1189.53,-38.24,-3.21,1687000
1923,8/26/2019,1168.89,1151.29,17.6,1.53,1226100
1924,8/27/2019,1167.84,1168.89,-1.05,-0.09,1077200
1925,8/28/2019,1171.02,1167.84,3.18,0.27,802000
1926,8/29/2019,1192.85,1171.02,21.83,1.86,1088400
1927,8/30/2019,1188.1,1192.85,-4.75,-0.4,1129800
1928,9/3/2019,1168.39,1188.1,-19.71,-1.66,1479900
1929,9/4/2019,1181.41,1168.39,13.02,1.11,1068900
1930,9/5/2019,1211.38,1181.41,29.97,2.54,1408100
1931,9/6/2019,1204.93,1211.38,-6.45,-0.53,1072100
1932,9/9/2019,1204.41,1204.93,-0.52,-0.04,1471900
1933,9/10/2019,1206,1204.41,1.59,0.13,1260100
1934,9/11/2019,1220.17,1206,14.17,1.17,1307000
1935,9/12/2019,1234.25,1220.17,14.08,1.15,1725900
1936,9/13/2019,1239.56,1234.25,5.31,0.43,1301400
1937,9/16/2019,1231.3,1239.56,-8.26,-0.67,1053300
1938,9/17/2019,1229.15,1231.3,-2.15,-0.17,955100
1939,9/18/2019,1232.41,1229.15,3.26,0.27,1135100
1940,9/19/2019,1238.71,1232.41,6.3,0.51,996000
1941,9/20/2019,1229.93,1238.71,-8.78,-0.71,2270000
1942,9/23/2019,1234.03,1229.93,4.1,0.33,1062400
1943,9/24/2019,1218.76,1234.03,-15.27,-1.24,1583200
1944,9/25/2019,1246.52,1218.76,27.76,2.28,1453000
1945,9/26/2019,1241.39,1246.52,-5.13,-0.41,1538000
1946,9/27/2019,1225.09,1241.39,-16.3,-1.31,1353900
1947,9/30/2019,1219,1225.09,-6.09,-0.5,1404100
1948,10/1/2019,1205.1,1219,-13.9,-1.14,1273500
1949,10/2/2019,1176.63,1205.1,-28.47,-2.36,1615100
1950,10/3/2019,1187.83,1176.63,11.2,0.95,1621200
1951,10/4/2019,1209,1187.83,21.17,1.78,1162400
1952,10/7/2019,1207.68,1209,-1.32,-0.11,842900
1953,10/8/2019,1189.13,1207.68,-18.55,-1.54,1039300
1954,10/9/2019,1202.31,1189.13,13.18,1.11,867700
1955,10/10/2019,1208.67,1202.31,6.36,0.53,846600
1956,10/11/2019,1215.45,1208.67,6.78,0.56,1272700
1957,10/14/2019,1217.14,1215.45,1.69,0.14,867500
1958,10/15/2019,1243.01,1217.14,25.87,2.13,1381700
1959,10/16/2019,1243.64,1243.01,0.63,0.05,1094600
1960,10/17/2019,1253.07,1243.64,9.43,0.76,952400
1961,10/18/2019,1245.49,1253.07,-7.58,-0.6,1352800
1962,10/21/2019,1246.15,1245.49,0.66,0.05,1027200
1963,10/22/2019,1242.8,1246.15,-3.35,-0.27,1023800
1964,10/23/2019,1259.13,1242.8,16.33,1.31,911500
1965,10/24/2019,1260.99,1259.13,1.86,0.15,1028100
1966,10/25/2019,1265.13,1260.99,4.14,0.33,1213100
1967,10/28/2019,1290,1265.13,24.87,1.97,2613200
1968,10/29/2019,1262.62,1290,-27.38,-2.12,1886400
1969,10/30/2019,1261.29,1262.62,-1.33,-0.11,1408900
1970,10/31/2019,1260.11,1261.29,-1.18,-0.09,1455700
1971,11/1/2019,1273.74,1260.11,13.63,1.08,1670100
1972,11/4/2019,1291.37,1273.74,17.63,1.38,1501000
1973,11/5/2019,1292.03,1291.37,0.66,0.05,1282700
1974,11/6/2019,1291.8,1292.03,-0.23,-0.02,1152700
1975,11/7/2019,1308.86,1291.8,17.06,1.32,2030000
1976,11/8/2019,1311.37,1308.86,2.51,0.19,1251400
1977,11/11/2019,1299.19,1311.37,-12.18,-0.93,1011900
1978,11/12/2019,1298.8,1299.19,-0.39,-0.03,1085100
